Name,ID,Type
Abandoned Merchant's Bell Bearing,400022E9,None
Academy Glintstone Key,40001FAD,None
Academy Glintstone Key,40001FEE,None
Academy Glintstone Staff,01FA9780,Smithing
Academy Magic Pot,40000295,None
Academy Scroll,400022A2,None
Acid Spraymist,40000E1A,None
Adula's Moonblade,4000114F,None
Aeonian Butterfly,40005141,None
Aged One's Exultation,20001F7C,None
Agheel's Flame,40001B59,None
Ailment Talisman,20001FB8,None
Alabaster Lord's Sword,002ED830,Somber
Alberich's Bracers,1001D588,None
Alberich's Pointed Hat (Altered),1001D8A8,None
Alberich's Pointed Hat,1001D4C0,None
Alberich's Robe (Altered),1001D90C,None
Alberich's Robe,1001D524,None
Alberich's Trousers,1001D5EC,None
Albinauric Ashes +1,40033839,None
Albinauric Ashes +10,40033842,None
Albinauric Ashes +2,4003383A,None
Albinauric Ashes +3,4003383B,None
Albinauric Ashes +4,4003383C,None
Albinauric Ashes +5,4003383D,None
Albinauric Ashes +6,4003383E,None
Albinauric Ashes +7,4003383F,None
Albinauric Ashes +8,40033840,None
Albinauric Ashes +9,40033841,None
Albinauric Ashes,40033838,None
Albinauric Bloodclot,40003C3C,None
Albinauric Bow,0271C350,Smithing
Albinauric Mask,10102CA0,None
Albinauric Pot,40000262,None
Albinauric Shield,01D9A200,Smithing
Albinauric Staff,01FA7070,Smithing
Alexander's Innards,4000201E,None
All-Knowing Armor (Altered),100904FC,None
All-Knowing Armor,10090114,None
All-Knowing Gauntlets,10090178,None
All-Knowing Greaves,100901DC,None
All-Knowing Helm,100900B0,None
Alluring Pot,40000186,None
Altus Bloom,400050C9,None
Amber Draught,40001FE6,None
Amber Starlight,40001FCE,None
Ambush Shard,400011F8,None
Ancestral Follower Ashes +1,40033069,None
Ancestral Follower Ashes +10,40033072,None
Ancestral Follower Ashes +2,4003306A,None
Ancestral Follower Ashes +3,4003306B,None
Ancestral Follower Ashes +4,4003306C,None
Ancestral Follower Ashes +5,4003306D,None
Ancestral Follower Ashes +6,4003306E,None
Ancestral Follower Ashes +7,4003306F,None
Ancestral Follower Ashes +8,40033070,None
Ancestral Follower Ashes +9,40033071,None
Ancestral Follower Ashes,40033068,None
Ancestral Infant's Head,40000BB8,None
Ancestral Spirit's Horn,200017DE,None
Ancient Death Rancor,40001389,None
Ancient Dragon Florissax,4021CC58,None
Ancient Dragon Knight Kristoff +1,4003E801,None
Ancient Dragon Knight Kristoff +10,4003E80A,None
Ancient Dragon Knight Kristoff +2,4003E802,None
Ancient Dragon Knight Kristoff +3,4003E803,None
Ancient Dragon Knight Kristoff +4,4003E804,None
Ancient Dragon Knight Kristoff +5,4003E805,None
Ancient Dragon Knight Kristoff +6,4003E806,None
Ancient Dragon Knight Kristoff +7,4003E807,None
Ancient Dragon Knight Kristoff +8,4003E808,None
Ancient Dragon Knight Kristoff +9,4003E809,None
Ancient Dragon Knight Kristoff,4003E800,None
Ancient Dragon Knight's Cookbook [1],401EA8EC,None
Ancient Dragon Knight's Cookbook [2],401EA8F0,None
Ancient Dragon Prayerbook,400022A1,None
Ancient Dragon Smithing Stone,4000279C,None
Ancient Dragon's Blessing,401E8CB4,None
Ancient Dragonbolt Pot,40000141,None
Ancient Dragons' Lightning Spear,40001B1C,None
Ancient Dragons' Lightning Strike,40001AFE,None
Ancient Meteoric Ore Greatsword,0044AA20,Somber
Ancient Ruins Cross Message,401EA3DC,None
Ansbach's Attire (Altered),104DFD3C,None
Ansbach's Attire,104DF954,None
Ansbach's Boots,104DFA1C,None
Ansbach's Longbow,2796470,Somber
Ansbach's Manchettes,104DF9B8,None
Ant's Skull Plate,01EBA360,Somber
Antiquity Scholar's Cookbook [1],401EA8FD,None
Antiquity Scholar's Cookbook [2],401EA8F8,None
Antspur Rapier,004CE780,Smithing
Anvil Hammer,00BEE330,Somber
Arbalest,2915940,Smithing
Archer Ashes +1,4003CCA9,None
Archer Ashes +10,4003CCB2,None
Archer Ashes +2,4003CCAA,None
Archer Ashes +3,4003CCAB,None
Archer Ashes +4,4003CCAC,None
Archer Ashes +5,4003CCAD,None
Archer Ashes +6,4003CCAE,None
Archer Ashes +7,4003CCAF,None
Archer Ashes +8,4003CCB0,None
Archer Ashes +9,4003CCB1,None
Archer Ashes,4003CCA8,None
Aristocrat Boots,1005A67C,None
Aristocrat Coat,1005CCC4,None
Aristocrat Garb (Altered),1005A99C,None
Aristocrat Garb,1005A5B4,None
Aristocrat Hat,1005CC60,None
Aristocrat Headband,1005A550,None
Armor of Night,104DAB34,None
Armor of Solitude (Altered),104E4B5C,None
Armor of Solitude,104E4774,None
Arrow's Reach Talisman,20000834,None
Arrow's Soaring Sting Talisman,20001F86,None
Arrow's Sting Talisman,20000866,None
Arrow,02FAF080,None
Arsenal Charm +1,20000407,None
Arsenal Charm,20000406,None
Arteria Leaf,400050D3,None
Ascetic's Ankle Guards,104F80BC,None
Ascetic's Loincloth,104F7FF4,None
Ascetic's Wrist Guards,104F8058,None
Ash of War: Aspects of the Crucible: Wings,80030DA4,None
Ash of War: Assassin's Gambit,8000EB28,None
Ash of War: Barbaric Roar,8000FDE8,None
Ash of War: Barrage,80009CA4,None
Ash of War: Barricade Shield,80007594,None
Ash of War: Beast's Roar,8000FEB0,None
Ash of War: Black Flame Tornado,80005654,None
Ash of War: Blind Spot,80063DA8,None
Ash of War: Blinkbolt,80064D48,None
Ash of War: Blood Blade,80005780,None
Ash of War: Blood Tax,80002A30,None
Ash of War: Bloodhound's Step,800138E4,None
Ash of War: Bloody Slash,80004FB0,None
Ash of War: Braggart's Roar,8000FF78,None
Ash of War: Carian Grandeur,80005528,None
Ash of War: Carian Greatsword,8000558C,None
Ash of War: Carian Retaliation,80007724,None
Ash of War: Carian Sovereignty,800660D0,None
Ash of War: Charge Forth,80002904,None
Ash of War: Chilling Mist,800058AC,None
Ash of War: Cragblade,8000ED1C,None
Ash of War: Determination,8000EA60,None
Ash of War: Divine Beast Frost Stomp,80065900,None
Ash of War: Double Slash,80002BC0,None
Ash of War: Dryleaf Whirlwind,80030D40,None
Ash of War: Earthshaker,800052D0,None
Ash of War: Enchanted Shot,80009DD0,None
Ash of War: Endure,80011170,None
Ash of War: Eruption,800050DC,None
Ash of War: Flame of the Redmanes,8000C544,None
Ash of War: Flame Skewer,80065130,None
Ash of War: Flame Spear,80065CE8,None
Ash of War: Flaming Strike,80005398,None
Ash of War: Ghostflame Call,80067070,None
Ash of War: Giant Hunt,80002D50,None
Ash of War: Glintblade Phalanx,80004E20,None
Ash of War: Glintstone Pebble,80004F4C,None
Ash of War: Golden Land,80005334,None
Ash of War: Golden Parry,800077EC,None
Ash of War: Golden Slam,8000C60C,None
Ash of War: Golden Vow,8000EB8C,None
Ash of War: Gravitas,800051A4,None
Ash of War: Ground Slam,8000C5A8,None
Ash of War: Hoarah Loux's Earthshaker,8000C6D4,None
Ash of War: Hoarfrost Stomp,8000C3B4,None
Ash of War: Holy Ground,80011238,None
Ash of War: Ice Spear,80004EE8,None
Ash of War: Igon's Drake Hunt,80085CA0,None
Ash of War: Impaling Thrust,80002774,None
Ash of War: Kick,8000C47C,None
Ash of War: Lifesteal Fist,80005014,None
Ash of War: Lightning Ram,8000C4E0,None
Ash of War: Lightning Slash,800054C4,None
Ash of War: Lion's Claw,80002710,None
Ash of War: Loretta's Slash,80002E18,None
Ash of War: Mighty Shot,80009D08,None
Ash of War: No Skill,800078B4,None
Ash of War: Overhead Stance,80064578,None
Ash of War: Palm Blast,80061E68,None
Ash of War: Parry,800075F8,None
Ash of War: Phantom Slash,800057E4,None
Ash of War: Piercing Fang,800027D8,None
Ash of War: Piercing Throw,80062250,None
Ash of War: Poison Moth Flight,80002E7C,None
Ash of War: Poisonous Mist,80005910,None
Ash of War: Prayerful Strike,80005140,None
Ash of War: Prelate's Charge,80002C24,None
Ash of War: Quickstep,80013880,None
Ash of War: Raging Beast,800631F0,None
Ash of War: Rain of Arrows,80009E98,None
Ash of War: Raptor of the Mists,80013948,None
Ash of War: Repeating Thrust,80002A94,None
Ash of War: Rolling Sparks,80062E08,None
Ash of War: Royal Knight's Resolve,8000EAC4,None
Ash of War: Sacred Blade,80004E84,None
Ash of War: Sacred Order,8000EBF0,None
Ash of War: Sacred Ring of Light,800056B8,None
Ash of War: Savage Claws,800635D8,None
Ash of War: Savage Lion's Claw,80065518,None
Ash of War: Scattershot Throw,80062638,None
Ash of War: Seppuku,8000ECB8,None
Ash of War: Shared Order,8000EC54,None
Ash of War: Shield Bash,80007530,None
Ash of War: Shield Crash,80007850,None
Ash of War: Shield Strike,800C3500,None
Ash of War: Shriek of Sorrow,800664B8,None
Ash of War: Sky Shot,80009E34,None
Ash of War: Spectral Lance,80005848,None
Ash of War: Spinning Gravity Thrust,80061A80,None
Ash of War: Spinning Slash,8000283C,None
Ash of War: Spinning Strikes,80002B5C,None
Ash of War: Spinning Weapon,80002EE0,None
Ash of War: Square Off,80002CEC,None
Ash of War: Stamp (Sweep),800029CC,None
Ash of War: Stamp (Upward Cut),80002968,None
Ash of War: Storm Assault,80002FA8,None
Ash of War: Storm Blade,80005208,None
Ash of War: Storm Stomp,8000C418,None
Ash of War: Storm Wall,80007788,None
Ash of War: Stormcaller,8000300C,None
Ash of War: Swift Slash,80064190,None
Ash of War: Sword Dance,80003070,None
Ash of War: The Poison Flower Blooms Twice,8007B4A8,None
Ash of War: Thops's Barrier,80007918,None
Ash of War: Through and Through,80009C40,None
Ash of War: Thunderbolt,80005460,None
Ash of War: Troll's Roar,8000FF14,None
Ash of War: Unsheathe,80002C88,None
Ash of War: Vacuum Slice,800055F0,None
Ash of War: Vow of the Indomitable,800111D4,None
Ash of War: Wall of Sparks,80062A20,None
Ash of War: War Cry,8000FE4C,None
Ash of War: Waves of Darkness,8000C670,None
Ash of War: White Shadow's Lure,80014C08,None
Ash of War: Wild Strikes,80002AF8,None
Ash of War: Wing Stance,80064960,None
Ash-of-War Scarab,101CFDE0,None
Asimi's Husk,40002000,None
Asimi,  Silver Chrysalid,40002003,None
Asimi,  Silver Tear,40001FD3,None
Aspects of the Crucible,40001D4C,None
Aspects of the Crucible,40001D56,None
Aspects of the Crucible,40001D60,None
Aspects of the Crucible: Bloom,401E9E84,None
Aspects of the Crucible: Thorns,401E9E7A,None
Assassin's Approach,4000196E,None
Assassin's Cerulean Dagger,200013C4,None
Assassin's Crimson Dagger,200013BA,None
Assassin's Prayerbook,4000229B,None
Astrologer Gloves,10099DB8,None
Astrologer Hood,10099CF0,None
Astrologer Robe (Altered),1009A13C,None
Astrologer Robe,10099D54,None
Astrologer Trousers,10099E1C,None
Astrologer's Staff,01F98610,Smithing
Avionette Soldier Ashes +1,400372D1,None
Avionette Soldier Ashes +10,400372DA,None
Avionette Soldier Ashes +2,400372D2,None
Avionette Soldier Ashes +3,400372D3,None
Avionette Soldier Ashes +4,400372D4,None
Avionette Soldier Ashes +5,400372D5,None
Avionette Soldier Ashes +6,400372D6,None
Avionette Soldier Ashes +7,400372D7,None
Avionette Soldier Ashes +8,400372D8,None
Avionette Soldier Ashes +9,400372D9,None
Avionette Soldier Ashes,400372D0,None
Axe of Godfrey,015FB710,Somber
Axe of Godrick,00E57E00,Somber
Axe Talisman,20000852,None
Azula Beastman Ashes +1,40038271,None
Azula Beastman Ashes +10,4003827A,None
Azula Beastman Ashes +2,40038272,None
Azula Beastman Ashes +3,40038273,None
Azula Beastman Ashes +4,40038274,None
Azula Beastman Ashes +5,40038275,None
Azula Beastman Ashes +6,40038276,None
Azula Beastman Ashes +7,40038277,None
Azula Beastman Ashes +8,40038278,None
Azula Beastman Ashes +9,40038279,None
Azula Beastman Ashes,40038270,None
Azur's Glintstone Crown,1008DD88,None
Azur's Glintstone Robe,1008DDEC,None
Azur's Glintstone Staff,01FB0CB0,Somber
Azur's Manchettes,1008DE50,None
Backhand Blade,03D83120,Smithing
Baldachin's Blessing,40000D20,None
Ballista Bolt,0328B740,None
Bandit Boots,100E31FC,None
Bandit Garb,100E351C,None
Bandit Manchettes,100E3198,None
Bandit Mask,101560A8,None
Bandit's Curved Sword,006B6C00,Smithing
Banished Knight Armor (Altered),1003118C,None
Banished Knight Armor,10030DA4,None
Banished Knight Engvall +1,40031511,None
Banished Knight Engvall +10,4003151A,None
Banished Knight Engvall +2,40031512,None
Banished Knight Engvall +3,40031513,None
Banished Knight Engvall +4,40031514,None
Banished Knight Engvall +5,40031515,None
Banished Knight Engvall +6,40031516,None
Banished Knight Engvall +7,40031517,None
Banished Knight Engvall +8,40031518,None
Banished Knight Engvall +9,40031519,None
Banished Knight Engvall,40031510,None
Banished Knight Gauntlets,10030E08,None
Banished Knight Greaves,10030E6C,None
Banished Knight Helm (Altered),10031128,None
Banished Knight Helm,10030D40,None
Banished Knight Oleg +1,40031129,None
Banished Knight Oleg +10,40031132,None
Banished Knight Oleg +2,4003112A,None
Banished Knight Oleg +3,4003112B,None
Banished Knight Oleg +4,4003112C,None
Banished Knight Oleg +5,4003112D,None
Banished Knight Oleg +6,4003112E,None
Banished Knight Oleg +7,4003112F,None
Banished Knight Oleg +8,40031130,None
Banished Knight Oleg +9,40031131,None
Banished Knight Oleg,40031128,None
Banished Knight's Greatsword,002EFF40,Smithing
Banished Knight's Halberd,01131DB0,Smithing
Banished Knight's Shield,01D97AF0,Smithing
Barbed Staff-Spear,010B5580,Somber
Barrier of Gold,400018BA,None
Bastard Sword,002DC6C0,Smithing
Bastard's Stars,00C6D270,Somber
Battle Axe,00D59F80,Smithing
Battle Hammer,00B76920,Smithing
Battlefield Priest's Cookbook [1],401EA8F2,None
Battlefield Priest's Cookbook [2],401EA8F4,None
Battlefield Priest's Cookbook [3],401EA8FB,None
Battlefield Priest's Cookbook [4],401EA8FF,None
Battlemage Hugues +1,40035F49,None
Battlemage Hugues +10,40035F52,None
Battlemage Hugues +2,40035F4A,None
Battlemage Hugues +3,40035F4B,None
Battlemage Hugues +4,40035F4C,None
Battlemage Hugues +5,40035F4D,None
Battlemage Hugues +6,40035F4E,None
Battlemage Hugues +7,40035F4F,None
Battlemage Hugues +8,40035F50,None
Battlemage Hugues +9,40035F51,None
Battlemage Hugues,40035F48,None
Battlemage Legwraps,100F436C,None
Battlemage Manchettes,100F4308,None
Battlemage Robe,100F42A4,None
Bayle's Flame Lightning,401E9FE2,None
Bayle's Tyranny,401E9FD8,None
Beast Blood,40003AB6,None
Beast Champion Armor (Altered),100B00CC,None
Beast Champion Armor,100AFCE4,None
Beast Champion Gauntlets,100AFD48,None
Beast Champion Greaves,100AFDAC,None
Beast Champion Helm,100AFC80,None
Beast Claw Weapon,04153A20,None
Beast Claw Incantation,40001AA4,None
Beast Crest Heater Shield,01DD4B80,Smithing
Beast Eye,40002313,None
Beast Horn,401EBF18,None
Beast Liver,40003AA2,None
Beast-Repellent Torch,016F2060,Smithing
Beastclaw Greathammer,00B964F0,Somber
Beastlure Pot,40000187,None
Beastman's Cleaver,007B4A80,Smithing
Beastman's Curved Sword,006AF6D0,Smithing
Beastman's Jar-Shield,01CAADE0,Smithing
Beloved Stardust,20001FFE,None
Bernahl's Bell Bearing,400022D4,None
Bestial Constitution,40001AC2,None
Bestial Sling,40001A90,None
Bestial Vitality,40001AB8,None
Bewitching Branch,40000D16,None
Bigmouth Imp Ashes,4021B8D0,None
Black Blade,40001D6A,None
Black Bow,0272ADB0,Somber
Black Dumpling,101ED2A0,None
Black Flame Blade,4000186A,None
Black Flame Ritual,40001860,None
Black Flame's Protection,40001874,None
Black Flame,40001842,None
Black Hood,10155CC0,None
Black Knife Armor (Altered),1002C36C,None
Black Knife Armor,1002BF84,None
Black Knife Gauntlets,1002BFE8,None
Black Knife Greaves,1002C04C,None
Black Knife Hood,1002BF20,None
Black Knife Tiche +1,40030D41,None
Black Knife Tiche +10,40030D4A,None
Black Knife Tiche +2,40030D42,None
Black Knife Tiche +3,40030D43,None
Black Knife Tiche +4,40030D44,None
Black Knife Tiche +5,40030D45,None
Black Knife Tiche +6,40030D46,None
Black Knife Tiche +7,40030D47,None
Black Knife Tiche +8,40030D48,None
Black Knife Tiche +9,40030D49,None
Black Knife Tiche,40030D40,None
Black Knife,000F6950,Somber
Black Knifeprint,40001FEC,None
Black Knight Armor,104E9594,None
Black Knight Captain Huw,4021B4E8,None
Black Knight Commander Andreas,4021B100,None
Black Knight Gauntlets,104E95F8,None
Black Knight Greaves,104E965C,None
Black Knight Helm,104E9530,None
Black Leather Shield,01DE35E0,Smithing
Black Pyrefly,401ED2A6,None
Black Steel Greathammer,00BF0A40,Smithing
Black Steel Greatshield,01EFE920,Smithing
Black Steel Twinblade,00A05EB0,Smithing
Black Syrup,401EA3D3,None
Black Whetblade,4000230E,None
Black Wolf Mask,10029810,None
Black-Key Bolt,0319EA30,None
Blackflame Monk Amon +1,40037AA1,None
Blackflame Monk Amon +10,40037AAA,None
Blackflame Monk Amon +2,40037AA2,None
Blackflame Monk Amon +3,40037AA3,None
Blackflame Monk Amon +4,40037AA4,None
Blackflame Monk Amon +5,40037AA5,None
Blackflame Monk Amon +6,40037AA6,None
Blackflame Monk Amon +7,40037AA7,None
Blackflame Monk Amon +8,40037AA8,None
Blackflame Monk Amon +9,40037AA9,None
Blackflame Monk Amon,40037AA0,None
Blackflame Monk Armor,10055B7C,None
Blackflame Monk Gauntlets,10055BE0,None
Blackflame Monk Greaves,10055C44,None
Blackflame Monk Hood,10055B18,None
Blackguard's Bell Bearing,400022EE,None
Blackguard's Iron Mask,100D9878,None
Blade of Calling,0011B340,Somber
Blade of Mercy,20002026,None
Blades of Stone,401E96DC,None
Blaidd's Armor (Altered),10029C5C,None
Blaidd's Armor,10029874,None
Blaidd's Gauntlets,100298D8,None
Blaidd's Greaves,1002993C,None
Blasphemous Blade,002FE9A0,Somber
Blasphemous Claw,40000820,None
Blessed Blue Dew Talisman,20001F40,None
Blessed Bone Shard,401ED2BF,None
Blessed Dew Talisman,2000139C,None
Blessing of Marika,401E8804,None
Blessing of the Erdtree,4000191F,None
Blessing's Boon,4000191E,None
Blood Grease,400005A0,None
Blood-Tainted Excrement,4000515F,None
Bloodboil Aromatic,40000DDE,None
Bloodbone Arrow (Fletched),02FF8460,None
Bloodbone Arrow,02FFAB70,None
Bloodbone Bolt,031BBEF0,None
Bloodboon,400018A6,None
Bloodfiend Hexer's Ashes,402195A8,None
Bloodfiend's Arm,00BF3150,Smithing
Bloodfiend's Fork,00FC6160,Smithing
Bloodfiend's Sacred Spear,00FC8870,Somber
Bloodflame Blade,400018B0,None
Bloodflame Talons,4000189C,None
Bloodhound Claws,014FFFA0,Smithing
Bloodhound Knight Armor (Altered),100C123C,None
Bloodhound Knight Armor,100C0E54,None
Bloodhound Knight Floh +1,4003A599,None
Bloodhound Knight Floh +10,4003A5A2,None
Bloodhound Knight Floh +2,4003A59A,None
Bloodhound Knight Floh +3,4003A59B,None
Bloodhound Knight Floh +4,4003A59C,None
Bloodhound Knight Floh +5,4003A59D,None
Bloodhound Knight Floh +6,4003A59E,None
Bloodhound Knight Floh +7,4003A59F,None
Bloodhound Knight Floh +8,4003A5A0,None
Bloodhound Knight Floh +9,4003A5A1,None
Bloodhound Knight Floh,4003A598,None
Bloodhound Knight Gauntlets,100C0EB8,None
Bloodhound Knight Greaves,100C0F1C,None
Bloodhound Knight Helm,100C0DF0,None
Bloodhound's Fang,007A8730,Somber
Bloodrose,400050F3,None
Bloodsoaked Manchettes,100EB280,None
Bloodsoaked Mask,100EB5A0,None
Bloodsoaked Tabard,101C8914,None
Bloodstained Dagger,116520,Smithing
Bloodsucking Cracked Tear,401EAFAA,None
Bloody Finger,40000066,None
Bloody Finger,400000AC,None
Bloody Helice,005B8D80,Somber
Blue Cipher Ring,40000069,None
Blue Cipher Ring,400000AF,None
Blue Cloth Cowl,100A3930,None
Blue Cloth Vest,100A3994,None
Blue Crest Heater Shield,01DD99A0,Smithing
Blue Dancer Charm,2000083E,None
Blue Festive Garb,100C3D34,None
Blue Festive Hood,100C3CD0,None
Blue Silver Bracelets,1003AA48,None
Blue Silver Mail Armor (Altered),1003ADCC,None
Blue Silver Mail Armor,1003A9E4,None
Blue Silver Mail Hood,1003A980,None
Blue Silver Mail Skirt,1003AAAC,None
Blue-Feathered Branchsword,20000FF0,None
Blue-Gold Kite Shield,01DA8C60,Smithing
Blue-White Wooden Shield,01CB4A20,Smithing
Boiled Crab,40000334,None
Boiled Prawn,4000033E,None
Bolt of Gransax,00F58390,Somber
Bolt,3197500,None
Boltdrake Talisman +1,20000FBF,None
Boltdrake Talisman +2,20000FC0,None
Boltdrake Talisman +3,20001BC6,None
Boltdrake Talisman,20000FBE,None
Bondstone,401E9038,None
Bone Arrow (Fletched),02FB65B0,None
Bone Arrow,02FC9E30,None
Bone Ballista Bolt,03292C70,None
Bone Bolt,031AD490,None
Bone Bow,0269FB20,Smithing
Bone Dart,400006AE,None
Bone Great Arrow (Fletched),030AF610,None
Bone Great Arrow,030B1D20,None
Bone Peddler's Bell Bearing,400022F1,None
Bonny Butchering Knife,00ECA9F0,Somber
Borealis's Mist,40001B6D,None
Braided Arm Wraps,104D5D78,None
Braided Cord Robe,104D5D14,None
Brass Shield,01DB0190,Smithing
Briar Armor (Altered),1003389C,None
Briar Armor,100334B4,None
Briar Gauntlets,10033518,None
Briar Greatshield,01E90B50,Smithing
Briar Greaves,1003357C,None
Briar Helm,10033450,None
Briars of Punishment,4000132E,None
Briars of Sin,40001324,None
Brick Hammer,00BA0130,Smithing
Broadsword,001ED2A0,Smithing
Broken Golden Mask,10517B60,None
Broken Rune,401E9007,None
Buckler,01C9C380,Smithing
Budding Cave Moss,40005169,None
Budding Horn,40003ACA,None
Bull-Goat Armor,10022344,None
Bull-Goat Gauntlets,100223A8,None
Bull-Goat Greaves,1002240C,None
Bull-Goat Helm,100222E0,None
Bull-Goat's Talisman,200004BA,None
Burial Crow's Letter,40001FDC,None
Burial Crow's Letter,40001FF5,None
Burn, O Flame!,400017E8,None
Burred Bolt,031A1140,None
Butchering Knife,00E6B680,Smithing
Caestus,01406F40,Smithing
Call of Tibia,401E90CE,None
Candletree Wooden Shield,01DCD650,Smithing
Cane Sword,0021B8D0,Smithing
Cannon of Haima,40000FF0,None
Carian Filigreed Crest,20001784,None
Carian Glintblade Staff,01FA2250,Smithing
Carian Glintstone Staff,01FABE90,Smithing
Carian Greatsword,4000114E,None
Carian Inverted Statue,40001FAF,None
Carian Knight Armor (Altered),100EF86C,None
Carian Knight Armor,100EF484,None
Carian Knight Gauntlets,100EF4E8,None
Carian Knight Greaves,100EF54C,None
Carian Knight Helm,100EF420,None
Carian Knight's Shield,01DBEBF0,Smithing
Carian Knight's Sword,002143A0,Somber
Carian Phalanx,400010CD,None
Carian Piercer,40001162,None
Carian Regal Scepter,01F8E9D0,Somber
Carian Retaliation,40001220,None
Carian Slicer,40001158,None
Carian Sorcery Sword,00269AD0,Smithing
Carian Thrusting Shield,03B9D3B0,Smithing
Castle Cross Message,401EA3DB,None
Catch Flame,40001770,None
Caterpillar Mask,104D5CB0,None
Cave Moss,40005168,None
Celebrant's Cleaver,00D689E0,Smithing
Celebrant's Rib-Rake,00F50E60,Smithing
Celebrant's Sickle,00102CA0,Smithing
Celebrant's Skull,00B916D0,Smithing
Celestial Dew,40000852,None
Cerulean Amber Medallion +1,200003F3,None
Cerulean Amber Medallion +2,200003F4,None
Cerulean Amber Medallion +3,20001B62,None
Cerulean Amber Medallion,200003F2,None
Cerulean Crystal Tear,40002AFC,None
Cerulean Crystal Tear,40002AFD,None
Cerulean Hidden Tear,40002B11,None
Cerulean Seed Talisman +1,20001BEE,None
Cerulean Seed Talisman,20001392,None
Cerulean Tear Scarab,101D4C00,None
Cerulean-Sapping Cracked Tear,401EAF96,None
Chain Armor,1010C944,None
Chain Coif,1010C8E0,None
Chain Gauntlets,1010C9A8,None
Chain Leggings,1010CA0C,None
Chain-Draped Tabard,101BECD4,None
Chainlink Flail,00C6F980,Smithing
Champion Bracers,100B2458,None
Champion Gaiters,100B24BC,None
Champion Headband,100B2390,None
Champion Pauldron,100B23F4,None
Champion's Song Painting,4000200A,None
Charming Branch,401E9196,None
Cherishing Fingers,401EA17C,None
Chilling Perfume Bottle,03AA9170,Smithing
Chrysalids' Memento,40001FEB,None
Cinquedea,0010EFF0,Somber
Cipher Pata,01426B10,Somber
Circlet of Light,105071C0,None
Clarifying Boluses,400003C0,None
Clarifying Cured Meat,4000046A,None
Clarifying Horn Charm +1,2000049D,None
Clarifying Horn Charm +2,20001B94,None
Clarifying Horn Charm,2000049C,None
Clarifying White Cured Meat,40000532,None
Claw Talisman,20000884,None
Clawmark Seal,020768C0,Smithing
Claws of Night,015752A0,Somber
Clayman Ashes +1,40036331,None
Clayman Ashes +10,4003633A,None
Clayman Ashes +2,40036332,None
Clayman Ashes +3,40036333,None
Clayman Ashes +4,40036334,None
Clayman Ashes +5,40036335,None
Clayman Ashes +6,40036336,None
Clayman Ashes +7,40036337,None
Clayman Ashes +8,40036338,None
Clayman Ashes +9,40036339,None
Clayman Ashes,40036330,None
Clayman's Harpoon,00F49930,Smithing
Claymore,003085E0,Smithing
Cleanrot Armor (Altered),1005346C,None
Cleanrot Armor,10053084,None
Cleanrot Gauntlets,100530E8,None
Cleanrot Greaves,1005314C,None
Cleanrot Helm (Altered),10053408,None
Cleanrot Helm,10053020,None
Cleanrot Knight Finlay +1,40036719,None
Cleanrot Knight Finlay +10,40036722,None
Cleanrot Knight Finlay +2,4003671A,None
Cleanrot Knight Finlay +3,4003671B,None
Cleanrot Knight Finlay +4,4003671C,None
Cleanrot Knight Finlay +5,4003671D,None
Cleanrot Knight Finlay +6,4003671E,None
Cleanrot Knight Finlay +7,4003671F,None
Cleanrot Knight Finlay +8,40036720,None
Cleanrot Knight Finlay +9,40036721,None
Cleanrot Knight Finlay,40036718,None
Cleanrot Knight's Sword,004C7250,Smithing
Cleanrot Spear,00F4C040,Somber
Clinging Bone,01421CF0,Somber
Cloth Garb,10027164,None
Cloth Trousers,1002722C,None
Club,00A7FFD0,Smithing
Coded Sword,203230,Somber
Coil Shield,01CCD0C0,Somber
Coldbone Arrow (Fletched),02FFD280,None
Coldbone Arrow,02FFF990,None
Coldbone Bolt,031BE600,None
Collapsing Stars,40001271,None
Comet Azur,40001068,None
Comet,40000FB5,None
Commander's Standard,011344C0,Somber
Common Soldier Cloth Armor,104FF524,None
Common Soldier Gauntlets,104FF588,None
Common Soldier Greaves,104FF5EC,None
Common Soldier Helm,104FF4C0,None
Commoner's Garb (Altered),100C605C,None
Commoner's Garb,100C5C74,None
Commoner's Headband (Altered),100C5FF8,None
Commoner's Headband,100C5C10,None
Commoner's Shoes,100C5D3C,None
Commoner's Simple Garb (Altered),100C6444,None
Commoner's Simple Garb,100C63E0,None
Companion Jar,200008A2,None
Composite Bow,02631D50,Smithing
Concealing Veil,2000177A,None
Confessor Armor (Altered),100D71CC,None
Confessor Armor,100D6DE4,None
Confessor Boots,100D6EAC,None
Confessor Gloves,100D6E48,None
Confessor Hood (Altered),100D7168,None
Confessor Hood,100D6D80,None
Congealed Putrescence,401ED2BA,None
Consort's Mask,100EA600,None
Consort's Robe,100EA664,None
Consort's Trousers,100EA72C,None
Conspectus Scroll,40002292,None
Corhyn's Bell Bearing,400022EF,None
Corhyn's Robe,10097644,None
Crab Eggs,40003B1A,None
Cracked Crystal,4000512C,None
Cracked Pot,4000251C,None
Crafting Kit,40002134,None
Cranial Vessel Candlestand,00B9B310,Somber
Crepus's Black-Key Crossbow,0291CE70,Somber
Crepus's Vial,20001770,None
Crescent Moon Axe,00E556F0,Smithing
Crimson Amber Medallion +1,200003E9,None
Crimson Amber Medallion +2,200003EA,None
Crimson Amber Medallion +3,20001B58,None
Crimson Amber Medallion,200003E8,None
Crimson Bubbletear,40002AFF,None
Crimson Crystal Tear,40002AFA,None
Crimson Crystal Tear,40002AFB,None
Crimson Hood,100B4AA0,None
Crimson Seed Talisman +1,20001BE4,None
Crimson Seed Talisman,20001388,None
Crimson Tear Scarab,101D24F0,None
Crimson-Sapping Cracked Tear,401EAF8C,None
Crimsonburst Crystal Tear,40002B01,None
Crimsonburst Dried Tear,401EAF82,None
Crimsonspill Crystal Tear,40002AF8,None
Crimsonwhorl Bubbletear,40002B0C,None
Cross Map,401EA3C7,None
Cross-Naginata,00F5D1B0,Smithing
Crossed-Tree Towershield,01EB5540,Smithing
Crucible Axe Armor (Altered),1008BAC4,None
Crucible Axe Armor,1008B2F4,None
Crucible Axe Helm,1008B290,None
Crucible Feather Talisman,20000FE6,None
Crucible Gauntlets,1008B358,None
Crucible Greaves,1008B3BC,None
Crucible Hammer-Helm,10510630,None
Crucible Hornshield,01E8BD30,Somber
Crucible Knot Talisman,2000100E,None
Crucible Scale Talisman,20000FDC,None
Crucible Tree Armor (Altered),1008BEAC,None
Crucible Tree Armor,1008B6DC,None
Crucible Tree Helm,1008B678,None
Crusade Insignia,20001F72,None
Crystal Barrage,40000FDC,None
Crystal Bud,4000510E,None
Crystal Burst,40000FFA,None
Crystal Cave Moss,4000516A,None
Crystal Dart,400006CC,None
Crystal Knife,100590,Smithing
Crystal Release,4000119E,None
Crystal Spear,00F47220,Somber
Crystal Staff,01F82680,Somber
Crystal Sword,0020CE70,Somber
Crystal Torrent,400011A8,None
Crystalian Ashes +1,40032C81,None
Crystalian Ashes +10,40032C8A,None
Crystalian Ashes +2,40032C82,None
Crystalian Ashes +3,40032C83,None
Crystalian Ashes +4,40032C84,None
Crystalian Ashes +5,40032C85,None
Crystalian Ashes +6,40032C86,None
Crystalian Ashes +7,40032C87,None
Crystalian Ashes +8,40032C88,None
Crystalian Ashes +9,40032C89,None
Crystalian Ashes,40032C80,None
Cuckoo Glintstone,40000BD6,None
Cuckoo Greatshield,01EC1890,Smithing
Cuckoo Knight Armor (Altered),101B2D6C,None
Cuckoo Knight Armor,101B2984,None
Cuckoo Knight Gauntlets,101B29E8,None
Cuckoo Knight Greaves,101B2A4C,None
Cuckoo Knight Helm,101B2920,None
Cuckoo Surcoat,101A1814,None
Cure Poison,40001928,None
Curseblade Mask,104F7F90,None
Curseblade Meera,402191C0,None
Curseblade's Cirque,03D87F40,Somber
Cursed-Blood Pot,40000276,None
Cursemark of Death,40001FFF,None
Curved Club,00A84DF0,Smithing
Curved Great Club,00B85380,Smithing
Curved Sword Talisman,20000898,None
D's Bell Bearing,400022D3,None
Daedicar's Woe,200017AC,None
Dagger Talisman,2000082A,None
Dagger,000F4240,Smithing
Dancer's Bracer,104D8488,None
Dancer's Castanets,40001FE8,None
Dancer's Dress (Altered),104D880C,None
Dancer's Dress,104D8424,None
Dancer's Hood,104D83C0,None
Dancer's Trousers,104D84EC,None
Dancing Blade of Ranah,0072BF00,Somber
Dane's Footwork,039B4F30,Smithing
Dane's Hat,102DC6C0,None
Dappled Cured Meat,40000474,None
Dappled White Cured Meat,4000053C,None
Dark Moon Greatsword,002F2650,Somber
Dark Moon Ring,40001FB9,None
Darkness,40001982,None
Deadly Poison Perfume Bottle,03AB06A0,Somber
Death Knight Armor,104F58E4,None
Death Knight Gauntlets,104F5948,None
Death Knight Greaves,104F59AC,None
Death Knight Helm,104F5880,None
Death Knight's Longhaft Axe,00EC82E0,Somber
Death Knight's Twin Axes,00DD67B0,Somber
Death Lightning,400013B0,None
Death Mask Helm,104F1230,None
Death Ritual Spear,00F5F8C0,Somber
Death's Poker,0030D400,Somber
Deathbed Dress,101D7374,None
Deathroot,4000082A,None
Dectus Medallion (Left),40001FA9,None
Dectus Medallion (Right),40001FAA,None
Deep-Purple Lily,401ED2AE,None
Deflecting Hardtear,401EAFBE,None
Demi-Human Ashes +1,40039211,None
Demi-Human Ashes +10,4003921A,None
Demi-Human Ashes +2,40039212,None
Demi-Human Ashes +3,40039213,None
Demi-Human Ashes +4,40039214,None
Demi-Human Ashes +5,40039215,None
Demi-Human Ashes +6,40039216,None
Demi-Human Ashes +7,40039217,None
Demi-Human Ashes +8,40039218,None
Demi-Human Ashes +9,40039219,None
Demi-Human Ashes,40039210,None
Demi-Human Queen's Staff,01F874A0,Smithing
Demi-Human Swordsman Yosh,4021A930,None
Depraved Perfumer Carmaan +1,40034BC1,None
Depraved Perfumer Carmaan +10,40034BCA,None
Depraved Perfumer Carmaan +2,40034BC2,None
Depraved Perfumer Carmaan +3,40034BC3,None
Depraved Perfumer Carmaan +4,40034BC4,None
Depraved Perfumer Carmaan +5,40034BC5,None
Depraved Perfumer Carmaan +6,40034BC6,None
Depraved Perfumer Carmaan +7,40034BC7,None
Depraved Perfumer Carmaan +8,40034BC8,None
Depraved Perfumer Carmaan +9,40034BC9,None
Depraved Perfumer Carmaan,40034BC0,None
Depraved Perfumer Gloves,10083E28,None
Depraved Perfumer Headscarf,10083D60,None
Depraved Perfumer Robe (Altered),100841AC,None
Depraved Perfumer Robe,10083DC4,None
Depraved Perfumer Trousers,10083E8C,None
Devonia's Hammer,016694E0,Somber
Devourer's Scepter,00BA2840,Somber
Dewgem,401ED2A5,None
Dewkissed Herba,400050E6,None
Dexterity-knot Crystal Tear,40002B0E,None
Diallos's Mask,1009EEF8,None
Digger's Staff,01F95F00,Smithing
Dirty Chainmail,10102D04,None
Discarded Palace Key,40002007,None
Discus of Light,40001A2C,None
Dismounter,007A6020,Smithing
Distinguished Greatshield,01E89620,Smithing
Divine Beast Head,1050B810,None
Divine Beast Helm,105023A0,None
Divine Beast Tornado,401EA2B2,None
Divine Beast Warrior Armor,10502404,None
Divine Bird Feathers,401EA2BC,None
Divine Bird Helm,10502788,None
Divine Bird Warrior Armor,105027EC,None
Divine Bird Warrior Gauntlets,10502850,None
Divine Bird Warrior Greaves,105028B4,None
Divine Bird Warrior Ornis,4021C488,None
Divine Fortification,40001950,None
Dolores the Sleeping Arrow Puppet +1,4003FF71,None
Dolores the Sleeping Arrow Puppet +10,4003FF7A,None
Dolores the Sleeping Arrow Puppet +2,4003FF72,None
Dolores the Sleeping Arrow Puppet +3,4003FF73,None
Dolores the Sleeping Arrow Puppet +4,4003FF74,None
Dolores the Sleeping Arrow Puppet +5,4003FF75,None
Dolores the Sleeping Arrow Puppet +6,4003FF76,None
Dolores the Sleeping Arrow Puppet +7,4003FF77,None
Dolores the Sleeping Arrow Puppet +8,4003FF78,None
Dolores the Sleeping Arrow Puppet +9,4003FF79,None
Dolores the Sleeping Arrow Puppet,4003FF70,None
Domain of Dragons Painting,401EA48A,None
Dragon Communion Flesh,401E88CC,None
Dragon Communion Grease,401E8A48,None
Dragon Communion Harpoon,401E8B2E,None
Dragon Communion Seal,2080500,Somber
Dragon Cult Prayerbook,400022A0,None
Dragon Greatclaw,015FDE20,Somber
Dragon Halberd,0114CB60,Somber
Dragon Heart,4000274C,None
Dragon King's Cragblade,005C29C0,Somber
Dragon Towershield,01E84800,Smithing
Dragon's Calorbloom,401ED2B7,None
Dragon-Hunter's Great Katana,03F6DCB0,Somber
Dragonbolt Blessing,40001B3B,None
Dragonbolt Grease,401E8A02,None
Dragonbolt of Florissax,401E9F7E,None
Dragonclaw Shield,01E8E440,Somber
Dragonclaw,40001B94,None
Dragoncrest Greatshield Talisman,20000FA3,None
Dragoncrest Shield Talisman +1,20000FA1,None
Dragoncrest Shield Talisman +2,20000FA2,None
Dragoncrest Shield Talisman,20000FA0,None
Dragonfire,40001B58,None
Dragonice,40001B6C,None
Dragonmaw,40001BA8,None
Dragonscale Blade,008A65B0,Somber
Dragonscale Flesh,401E88D1,None
Dragonwound Grease,400005C8,None
Drake Knight Armor (Altered),1000EEAC,None
Drake Knight Armor,1000EAC4,None
Drake Knight Gauntlets,1000EB28,None
Drake Knight Greaves,1000EB8C,None
Drake Knight Helm (Altered),1000EE48,None
Drake Knight Helm,1000EA60,None
Drawing-Room Key,40001FC6,None
Drawstring Blood Grease,40000604,None
Drawstring Dragonbolt Grease,401E8A66,None
Drawstring Eternal Sleep Grease,401E8A8E,None
Drawstring Fire Grease,400005DC,None
Drawstring Golden Grease,401E8A7A,None
Drawstring Holy Grease,400005FA,None
Drawstring Lightning Grease,400005E6,None
Drawstring Magic Grease,400005F0,None
Drawstring Messmerfire Grease,401E8A5C,None
Drawstring Poison Grease,40000618,None
Drawstring Rot Grease,40000636,None
Drawstring Royal Magic Grease,401E8A70,None
Drawstring Soporific Grease,4000060E,None
Dried Bouquet,20001FA4,None
Dryleaf Arm Wraps,102DC788,None
Dryleaf Arts,039B2820,Smithing
Dryleaf Cuissardes,102DC7EC,None
Dryleaf Robe (Altered),102DCB0C,None
Dryleaf Robe,102DC724,None
Dryleaf Seal,020E6DA0,Smithing
Dueling Shield,03B9ACA0,Smithing
Duelist Greataxe,015F9000,Smithing
Duelist Greaves,1004BC1C,None
Duelist Helm,1004BAF0,None
Duelist's Furled Finger,40000065,None
Duelist's Furled Finger,400000AB,None
Dung Eater Puppet +1,4003F7A1,None
Dung Eater Puppet +10,4003F7AA,None
Dung Eater Puppet +2,4003F7A2,None
Dung Eater Puppet +3,4003F7A3,None
Dung Eater Puppet +4,4003F7A4,None
Dung Eater Puppet +5,4003F7A5,None
Dung Eater Puppet +6,4003F7A6,None
Dung Eater Puppet +7,4003F7A7,None
Dung Eater Puppet +8,4003F7A8,None
Dung Eater Puppet +9,4003F7A9,None
Dung Eater Puppet,4003F7A0,None
Dwelling Arrow,02FC7720,None
Eccentric's Armor,100E5844,None
Eccentric's Breeches,100E590C,None
Eccentric's Hood (Altered),100E5BC8,None
Eccentric's Hood,100E57E0,None
Eccentric's Manchettes,100E58A8,None
Eclipse Crest Greatshield,01EBF180,Smithing
Eclipse Crest Heater Shield,01DDC0B0,Smithing
Eclipse Shotel,006C5660,Somber
Ekzykes's Decay,40001B77,None
Elden Lord Armor (Altered),1007092C,None
Elden Lord Armor,10070544,None
Elden Lord Bracers,100705A8,None
Elden Lord Crown,100704E0,None
Elden Lord Greaves,1007060C,None
Elden Remembrance,40000B93,None
Elden Stars,40001A40,None
Electrify Armament,40001B30,None
Electrocharge,401E9F88,None
Eleonora's Poleblade,009959D0,Somber
Ember of Messmer,401ED2BE,None
Empyrean-Blood Burgeon,401ED2B9,None
Enraged Divine Beast,20001FF4,None
Envoy Crown,100C8320,None
Envoy's Greathorn,015F68F0,Somber
Envoy's Horn,00A95F60,Somber
Envoy's Long Horn,00B98C00,Somber
Erdleaf Flower,400050C8,None
Erdsteel Dagger,00118C30,Smithing
Erdtree Bow,2721170,Somber
Erdtree Codex,4000229D,None
Erdtree Greatbow,028153B0,Somber
Erdtree Greatshield,01E98080,Somber
Erdtree Heal,40001918,None
Erdtree Prayerbook,4000229C,None
Erdtree Seal,0207DDF0,Somber
Erdtree Surcoat,101A3F24,None
Erdtree's Favor +1,20000411,None
Erdtree's Favor +2,20000412,None
Erdtree's Favor,20000410,None
Errant Sorcerer Boots,100F1C5C,None
Errant Sorcerer Manchettes,100F1BF8,None
Errant Sorcerer Robe (Altered),100F1F7C,None
Errant Sorcerer Robe,100F1B94,None
Estoc,004C4B40,Smithing
Eternal Darkness,4000122A,None
Eternal Sleep Grease,401E8A2A,None
Eternal Sleep Pot,401E8764,None
Euporia,00A037A0,Somber
Exalted Flesh,400004BA,None
Executioner's Greataxe,00E61A40,Smithing
Exile Armor,1002E694,None
Exile Gauntlets,1002E6F8,None
Exile Greaves,1002E75C,None
Exile Hood,1002E630,None
Explosive Bolt,031A5F60,None
Explosive Ghostflame,40001392,None
Explosive Greatbolt,3290560,None
Explosive Stone Clump,40000727,None
Explosive Stone,40000726,None
Eye of Yelough,40005104,None
Eye Surcoat,1010CD2C,None
Faded Erdleaf Flower,400050B4,None
Faith-knot Crystal Tear,40002B10,None
Faithful's Canvas Talisman,20000BE0,None
Falchion,006ACFC0,Smithing
Fallingstar Beast Jaw,01602C40,Somber
Falx,007297F0,Somber
Family Heads,00C6AB60,Somber
Fan Daggers,400006D6,None
Fang Helm,104C9D48,None
Fanged Imp Ashes +1,400318F9,None
Fanged Imp Ashes +10,40031902,None
Fanged Imp Ashes +2,400318FA,None
Fanged Imp Ashes +3,400318FB,None
Fanged Imp Ashes +4,400318FC,None
Fanged Imp Ashes +5,400318FD,None
Fanged Imp Ashes +6,400318FE,None
Fanged Imp Ashes +7,400318FF,None
Fanged Imp Ashes +8,40031900,None
Fanged Imp Ashes +9,40031901,None
Fanged Imp Ashes,400318F8,None
Fell Omen Cloak,101005F4,None
Festering Bloody Finger,4000006F,None
Festering Bloody Finger,400000B7,None
Festive Garb (Altered),100C394C,None
Festive Garb,100C3564,None
Festive Grease,401E8AC0,None
Festive Hood (Altered),100C38E8,None
Festive Hood,100C3500,None
Fetid Pot,4000014A,None
Fia's Hood,101D9A20,None
Fia's Mist,4000139C,None
Fia's Robe (Altered),101D9E6C,None
Fia's Robe,101D9A84,None
Fine Crucible Feather Talisman,20001F4A,None
Finger Maiden Fillet,100DC370,None
Finger Maiden Robe (Altered),100DC7BC,None
Finger Maiden Robe,100DC3D4,None
Finger Maiden Shoes,100DC49C,None
Finger Maiden Therolina Puppet +1,4003FB89,None
Finger Maiden Therolina Puppet +10,4003FB92,None
Finger Maiden Therolina Puppet +2,4003FB8A,None
Finger Maiden Therolina Puppet +3,4003FB8B,None
Finger Maiden Therolina Puppet +4,4003FB8C,None
Finger Maiden Therolina Puppet +5,4003FB8D,None
Finger Maiden Therolina Puppet +6,4003FB8E,None
Finger Maiden Therolina Puppet +7,4003FB8F,None
Finger Maiden Therolina Puppet +8,4003FB90,None
Finger Maiden Therolina Puppet +9,4003FB91,None
Finger Maiden Therolina Puppet,4003FB88,None
Finger Mimic,401ED2B8,None
Finger Robe,104D3DD4,None
Finger Seal,0206CC80,Smithing
Finger Severer,40000067,None
Finger-Weaver's Cookbook [1],401EA8FE,None
Finger-Weaver's Cookbook [2],401EA8DC,None
Fingercreeper Ashes,4021D428,None
Fingerprint Armor (Altered),100E833C,None
Fingerprint Armor,100E7F54,None
Fingerprint Gauntlets,100E7FB8,None
Fingerprint Grape,40001FBE,None
Fingerprint Greaves,100E801C,None
Fingerprint Helm,100E7EF0,None
Fingerprint Nostrum,401E88D6,None
Fingerprint Stone Shield,01EA43D0,Smithing
Fingerslayer Blade,40001FDF,None
Fire Arrow,02FB1790,None
Fire Blossom,400050CA,None
Fire Coil,401E90EC,None
Fire Grease,40000578,None
Fire Knight Armor (Altered),104F0EAC,None
Fire Knight Armor,104F0AC4,None
Fire Knight Gauntlets,104F0B28,None
Fire Knight Greaves,104F0B8C,None
Fire Knight Helm,104F0A60,None
Fire Knight Hilde,40219D78,None
Fire Knight Queelign,4021D810,None
Fire Knight's Cookbook [1],401EA8EF,None
Fire Knight's Cookbook [2],401EA8FC,None
Fire Knight's Greatsword,0044F840,Smithing
Fire Knight's Seal,020E94B0,Smithing
Fire Knight's Shortsword,00170A70,Smithing
Fire Monk Armor,10055794,None
Fire Monk Ashes +1,400376B9,None
Fire Monk Ashes +10,400376C2,None
Fire Monk Ashes +2,400376BA,None
Fire Monk Ashes +3,400376BB,None
Fire Monk Ashes +4,400376BC,None
Fire Monk Ashes +5,400376BD,None
Fire Monk Ashes +6,400376BE,None
Fire Monk Ashes +7,400376BF,None
Fire Monk Ashes +8,400376C0,None
Fire Monk Ashes +9,400376C1,None
Fire Monk Ashes,400376B8,None
Fire Monk Gauntlets,100557F8,None
Fire Monk Greaves,1005585C,None
Fire Monk Hood,10055730,None
Fire Monks' Prayerbook,40002297,None
Fire Pot,4000012C,None
Fire Prelate Armor (Altered),1005828C,None
Fire Prelate Armor,10057EA4,None
Fire Prelate Gauntlets,10057F08,None
Fire Prelate Greaves,10057F6C,None
Fire Prelate Helm,10057E40,None
Fire Scorpion Charm,200007E4,None
Fire Serpent,401EA2F8,None
Fire Spritestone,401E90F6,None
Fire's Deadly Sin,40001EDC,None
Firebone Arrow (Fletched),02FCEC50,None
Firebone Arrow,02FD1360,None
Firebone Bolt,031AFBA0,None
Fireproof Dried Liver,40000488,None
Fireproof Pickled Liver,401E88EA,None
Firespark Perfume Bottle,03AA6A60,Smithing
Flail,00C68450,Smithing
Flamberge,002E8A10,Smithing
Flame Crest Wooden Shield,01DCFD60,Smithing
Flame Fortification,40001932,None
Flame of the Fell God,400017DE,None
Flame Sling,4000177A,None
Flame, Cleanse Me,40001798,None
Flame, Fall Upon Them,40001784,None
Flame, Grant Me Strength,400017A2,None
Flame, Protect Me,400017AC,None
Flame-Shrouding Cracked Tear,40002B14,None
Flamedrake Talisman +1,20000FB5,None
Flamedrake Talisman +2,20000FB6,None
Flamedrake Talisman +3,20001BBC,None
Flamedrake Talisman,20000FB4,None
Flaming Bolt,031C5B30,None
Flask of Wondrous Physick,400000FA,None
Flask of Wondrous Physick,400000FB,None
Fleeting Microcosm,401EA172,None
Flight Pinion,40003AD4,None
Flightless Bird Painting,4000200D,None
Flock's Canvas Talisman,20000BEA,None
Flowerstone Gavel,00AF79E0,Somber
Flowing Curved Sword,006BBA20,Smithing
Fly Mold,401EBF40,None
Foot Soldier Cap,101BEC70,None
Foot Soldier Gauntlets,101BED38,None
Foot Soldier Greaves,101BED9C,None
Foot Soldier Helm,101C61A0,None
Foot Soldier Helmet,101C1380,None
Foot Soldier Tabard,101C13E4,None
Forager Brood Cookbook [1],401EA8D6,None
Forager Brood Cookbook [2],401EA8D7,None
Forager Brood Cookbook [3],401EA8D8,None
Forager Brood Cookbook [4],401EA8D9,None
Forager Brood Cookbook [5],401EA8DA,None
Forager Brood Cookbook [6],401EA8D5,None
Forager Brood Cookbook [7],401EA8F5,None
Forked Greatsword,002DEDD0,Smithing
Forked Hatchet,00D5C690,Smithing
Forked-Tongue Hatchet,00DDDCE0,Smithing
Formic Rock,40005174,None
Fortissax's Lightning Spear,40001B1D,None
Founding Rain of Stars,40001072,None
Four-Toed Fowl Foot,40003AE8,None
Freezing Grease,400005BE,None
Freezing Mist,40001144,None
Freezing Pot,40000168,None
Frenzied Burst,40001C98,None
Frenzied Flame Pot,401E8746,None
Frenzied Flame Seal,02082C10,Somber
Frenzyflame Perfume Bottle,03AAB880,Smithing
Frenzyflame Stone,40000CEF,None
Freyja's Armor (Altered),104E244C,None
Freyja's Armor,104E2064,None
Freyja's Gauntlets,104E20C8,None
Freyja's Greatsword,0081DA30,Smithing
Freyja's Greaves,104E212C,None
Freyja's Helm,104E2000,None
Frozen Armament,4000118A,None
Frozen Lightning Spear,40001B09,None
Frozen Maggot,401ED2AD,None
Frozen Needle,004D0E90,Somber
Frozen Raisin,4000032C,None
Fulgurbloom,400050AC,None
Full Moon Crossbow,02910B20,Somber
Fur Leggings,1004950C,None
Fur Raiment,10049444,None
Furious Blade of Ansbach,401E9D1C,None
Furlcalling Finger Remedy,40000096,None
Furlcalling Finger Remedy,400000B6,None
Furled Finger's Trick-Mirror,200017C0,None
Furnace Keeper's Note,401EA3D9,None
Furnace Visage,401ED2C3,None
Gaius's Armor,102DEE34,None
Gaius's Gauntlets,102DEE98,None
Gaius's Greaves,102DEEFC,None
Gaius's Helm,102DEDD0,None
Gaol Lower Level Key,401EA3C6,None
Gaol Upper Level Key,401EA3C5,None
Gargoyle's Black Axe,00E704A0,Somber
Gargoyle's Black Blades,0099F610,Somber
Gargoyle's Black Halberd,1151980,Somber
Gargoyle's Blackblade,0030FB10,Somber
Gargoyle's Great Axe,00E6DD90,Smithing
Gargoyle's Greatsword,0030ACF0,Smithing
Gargoyle's Halberd,0114F270,Smithing
Gargoyle's Twinblade,0099CF00,Smithing
Gas Stone,401ED2B4,None
Gauntlets of Night,104DAB98,None
Gauntlets of Solitude,104E47D8,None
Gavel of Haima,40001018,None
Gazing Finger,0166E300,Somber
Gelmir Glintstone Staff,01F84D90,Smithing
Gelmir Knight Armor (Altered),101ADF4C,None
Gelmir Knight Armor,101ADB64,None
Gelmir Knight Gauntlets,101ADBC8,None
Gelmir Knight Greaves,101ADC2C,None
Gelmir Knight Helm,101ADB00,None
Gelmir's Fury,400012CA,None
Ghiza's Wheel,01607A60,Somber
Ghost Glovewort [1],40002A9E,None
Ghost Glovewort [2],40002A9F,None
Ghost Glovewort [3],40002AA0,None
Ghost Glovewort [4],40002AA1,None
Ghost Glovewort [5],40002AA2,None
Ghost Glovewort [6],40002AA3,None
Ghost Glovewort [7],40002AA4,None
Ghost Glovewort [8],40002AA5,None
Ghost Glovewort [9],40002AA6,None
Ghost-Glovewort Picker's Bell Bearing [1],40002303,None
Ghost-Glovewort Picker's Bell Bearing [2],40002304,None
Ghost-Glovewort Picker's Bell Bearing [3],40002305,None
Ghostflame Bloom,401ED2B5,None
Ghostflame Breath,401E9FEC,None
Ghostflame Torch,016EF950,Smithing
Giant Golden Arc,401EA29E,None
Giant Rat Ashes +1,40038E29,None
Giant Rat Ashes +10,40038E32,None
Giant Rat Ashes +2,40038E2A,None
Giant Rat Ashes +3,40038E2B,None
Giant Rat Ashes +4,40038E2C,None
Giant Rat Ashes +5,40038E2D,None
Giant Rat Ashes +6,40038E2E,None
Giant Rat Ashes +7,40038E2F,None
Giant Rat Ashes +8,40038E30,None
Giant Rat Ashes +9,40038E31,None
Giant Rat Ashes,40038E28,None
Giant's Prayerbook,40002298,None
Giant's Red Braid,1321760,Somber
Giant's Seal,02071AA0,Smithing
Giant-Crusher,0160A170,Smithing
Giantsflame Fire Pot,4000012E,None
Giantsflame Take Thee,400017D4,None
Gilded Foot Soldier Cap,101C3A90,None
Gilded Greatshield,01EC66B0,Smithing
Gilded Iron Shield,01CBBF50,Smithing
Glaive,1140810,Smithing
Glass Shard,40002710,None
Glintblade Phalanx,400010CC,None
Glintblade Trio,401E9556,None
Glinting Nail,401E9100,None
Glintslab Firefly,401ED2A7,None
Glintstone Arc,40000FE6,None
Glintstone Breath,40001B80,None
Glintstone Cometshard,40000FB4,None
Glintstone Firefly,4000514C,None
Glintstone Icecrag,40001130,None
Glintstone Kris,001053B0,Somber
Glintstone Nail,401E9614,None
Glintstone Nails,401E961E,None
Glintstone Pebble,40000FA0,None
Glintstone Scarab,101D05B0,None
Glintstone Scrap,40000BEA,None
Glintstone Sorcerer Ashes +1,40035391,None
Glintstone Sorcerer Ashes +10,4003539A,None
Glintstone Sorcerer Ashes +2,40035392,None
Glintstone Sorcerer Ashes +3,40035393,None
Glintstone Sorcerer Ashes +4,40035394,None
Glintstone Sorcerer Ashes +5,40035395,None
Glintstone Sorcerer Ashes +6,40035396,None
Glintstone Sorcerer Ashes +7,40035397,None
Glintstone Sorcerer Ashes +8,40035398,None
Glintstone Sorcerer Ashes +9,40035399,None
Glintstone Sorcerer Ashes,40035390,None
Glintstone Staff,01F78A40,Smithing
Glintstone Stars,40000FC8,None
Glintstone Whetblade,4000230D,None
Gloried Attire,104F31D4,None
Glovewort Crystal Tear,401EAFB4,None
Glovewort Picker's Bell Bearing [1],40002300,None
Glovewort Picker's Bell Bearing [2],40002301,None
Glovewort Picker's Bell Bearing [3],40002302,None
Glowstone,400007EE,None
Godfrey Icon,20000C12,None
Godrick Knight Armor (Altered),101B065C,None
Godrick Knight Armor,101B0274,None
Godrick Knight Gauntlets,101B02D8,None
Godrick Knight Greaves,101B033C,None
Godrick Knight Helm,101B0210,None
Godrick Soldier Ashes +1,4003D091,None
Godrick Soldier Ashes +10,4003D09A,None
Godrick Soldier Ashes +2,4003D092,None
Godrick Soldier Ashes +3,4003D093,None
Godrick Soldier Ashes +4,4003D094,None
Godrick Soldier Ashes +5,4003D095,None
Godrick Soldier Ashes +6,4003D096,None
Godrick Soldier Ashes +7,4003D097,None
Godrick Soldier Ashes +8,4003D098,None
Godrick Soldier Ashes +9,4003D099,None
Godrick Soldier Ashes,4003D090,None
Godrick Soldier Gauntlets,1019F168,None
Godrick Soldier Greaves,1019F1CC,None
Godrick Soldier Helm,1019F0A0,None
Godrick's Great Rune Restored,400000BF,None
Godrick's Great Rune Unrestored,40001FD4,None
Godskin Apostle Bracelets,1007F008,None
Godskin Apostle Hood,1007EF40,None
Godskin Apostle Robe,1007EFA4,None
Godskin Apostle Trousers,1007F06C,None
Godskin Noble Bracelets,10081718,None
Godskin Noble Hood,10081650,None
Godskin Noble Robe,100816B4,None
Godskin Noble Trousers,1008177C,None
Godskin Peeler,0098BD90,Smithing
Godskin Prayerbook,40002299,None
Godskin Stitcher,005BB490,Smithing
Godskin Swaddling Cloth,200013B0,None
Godslayer's Greatsword,003E1A70,Somber
Godslayer's Seal,0206F390,Smithing
Gold Bracelets,100FDF48,None
Gold Firefly,4000514B,None
Gold Scarab,20000456,None
Gold Sewing Needle,40001FE2,None
Gold Tattoo (Arm),10517C28,None
Gold Tattoo (Chest),10517BC4,None
Gold Tattoo (Leg),10517C8C,None
Gold Waistwrap,100FDFAC,None
Gold-Pickled Fowl Foot,400004B0,None
Gold-Tinged Excrement,4000515E,None
Golden Arcs,401EA294,None
Golden Arrow,02FC5010,None
Golden Beast Crest Shield,01E9A790,Smithing
Golden Bolt,031A8670,None
Golden Braid,20001BD0,None
Golden Centipede,40005154,None
Golden Epitaph,001F95F0,Somber
Golden Grease,401E8A16,None
Golden Great Arrow,030A80E0,None
Golden Greatshield,01EC3FA0,Smithing
Golden Halberd,0113E100,Somber
Golden Horn Tender,401E894E,None
Golden Lightning Fortification,40001EDF,None
Golden Lion Shield,01E11C10,Somber
Golden Order Flail,00CE2570,Somber
Golden Order Greatsword,00305ED0,Somber
Golden Order Principia,4000229E,None
Golden Order Principles,4000229F,None
Golden Order Seal,0207B6E0,Somber
Golden Rowa,400050F1,None
Golden Rune [10],40000B5D,None
Golden Rune [11],40000B5E,None
Golden Rune [12],40000B5F,None
Golden Rune [13],40000B60,None
Golden Rune [1],40000B54,None
Golden Rune [2],40000B55,None
Golden Rune [3],40000B56,None
Golden Rune [4],40000B57,None
Golden Rune [5],40000B58,None
Golden Rune [6],40000B59,None
Golden Rune [7],40000B5A,None
Golden Rune [8],40000B5B,None
Golden Rune [9],40000B5C,None
Golden Seed,4000271A,None
Golden Sunflower,400050CB,None
Golden Tailoring Tools,40001FFC,None
Golden Vow Incantation,400019C8,None
Golden Vow Consumable,401E90E2,None
Goldmask's Rags,100FDEE4,None
Golem Fist,0148ACA0,Smithing
Golem Greatbow,2810590,Somber
Golem's Great Arrow,030A59D0,None
Golem's Halberd,0160C880,Smithing
Golem's Magic Arrow,030AA7F0,None
Gostoc's Bell Bearing,400022D6,None
Gourmet Scorpion Stew,401E8931,None
Gourmet Scorpion Stew,401E8933,None
Gowry's Bell Bearing,400022F0,None
Grace Mimic,40000802,None
Grafted Blade Greatsword,003E8FA0,Somber
Grafted Dragon,014159A0,Somber
Grass Hair Ornament,100E09C0,None
Grave Cricket,401ED2B6,None
Grave Glovewort [1],40002A94,None
Grave Glovewort [2],40002A95,None
Grave Glovewort [3],40002A96,None
Grave Glovewort [4],40002A97,None
Grave Glovewort [5],40002A98,None
Grave Glovewort [6],40002A99,None
Grave Glovewort [7],40002A9A,None
Grave Glovewort [8],40002A9B,None
Grave Glovewort [9],40002A9C,None
Grave Keeper's Brainpan,401ED2B2,None
Grave Keeper's Cookbook [1],401EA900,None
Grave Keeper's Cookbook [2],401EA8F7,None
Grave Scythe,012211D0,Smithing
Grave Violet,400050AE,None
Gravebird Anklets,104FCEDC,None
Gravebird Armor,104FD1FC,None
Gravebird Ashes,40219990,None
Gravebird Bracelets,104FCE78,None
Gravebird Helm,104FCDB0,None
Gravebird's Blackquill Armor,104FCE14,None
Gravekeeper Cloak (Altered),1004BF3C,None
Gravekeeper Cloak,1004BB54,None
Gravel Stone Seal,020741B0,Smithing
Gravel Stone,40005177,None
Graven-Mass Talisman,20000BB9,None
Graven-School Talisman,20000BB8,None
Gravitational Missile,401E96E6,None
Gravity Stone Chunk,40000BFE,None
Gravity Stone Fan,40000BF4,None
Gravity Stone Peddler's Bell Bearing,400022F4,None
Gravity Well,40001270,None
Greasemonger's Bell Bearing,401EA749,None
Great Arrow,030A32C0,None
Great Club,015F41E0,Smithing
Great Dragonfly Head,40003B06,None
Great Ghost Glovewort,40002AA7,None
Great Glintstone Shard,40000FA1,None
Great Grave Glovewort,40002A9D,None
Great Heal,40001916,None
Great Horned Headband,100493E0,None
Great Katana,03F6B5A0,Smithing
Great Knife,0010A1D0,Smithing
Great Mace,00B80560,Smithing
Great Omenkiller Cleaver,00E52FE0,Smithing
Great Oracular Bubble,400013F6,None
Great Rune of the Unborn,40002760,None
Great Stars,00B9DA20,Smithing
Great Turtle Shell,01DB28A0,Smithing
Great Épée,005BDBA0,Smithing
Great-Jar's Arsenal,20000408,None
Greataxe,00E4E1C0,Smithing
Greatblade Phalanx,400010CE,None
Greatbow,02817AC0,Smithing
Greater Potentate's Cookbook [10],401EA8E3,None
Greater Potentate's Cookbook [11],401EA8E4,None
Greater Potentate's Cookbook [12],401EA8E0,None
Greater Potentate's Cookbook [13],401EA8E8,None
Greater Potentate's Cookbook [14],401EA8E9,None
Greater Potentate's Cookbook [1],401EA8DD,None
Greater Potentate's Cookbook [2],401EA8EB,None
Greater Potentate's Cookbook [3],401EA8E7,None
Greater Potentate's Cookbook [4],401EA8DE,None
Greater Potentate's Cookbook [5],401EA8DF,None
Greater Potentate's Cookbook [6],401EA8EA,None
Greater Potentate's Cookbook [7],401EA8E1,None
Greater Potentate's Cookbook [8],401EA8E6,None
Greater Potentate's Cookbook [9],401EA8E2,None
Greathelm,1010CCC8,None
Greathood,10186A00,None
Greathorn Hammer,00B74210,Smithing
Greatjar,10512D40,None
Greatshield Soldier Ashes +1,4003C8C1,None
Greatshield Soldier Ashes +10,4003C8CA,None
Greatshield Soldier Ashes +2,4003C8C2,None
Greatshield Soldier Ashes +3,4003C8C3,None
Greatshield Soldier Ashes +4,4003C8C4,None
Greatshield Soldier Ashes +5,4003C8C5,None
Greatshield Soldier Ashes +6,4003C8C6,None
Greatshield Soldier Ashes +7,4003C8C7,None
Greatshield Soldier Ashes +8,4003C8C8,None
Greatshield Soldier Ashes +9,4003C8C9,None
Greatshield Soldier Ashes,4003C8C0,None
Greatshield Talisman,20001004,None
Greatsword of Damnation,00358EF0,Somber
Greatsword of Radahn (Light),00456D70,None
Greatsword of Radahn (Lord),00451F50,None
Greatsword of Solitude,00362B30,Somber
Greatsword,003D0900,Smithing
Greaves of Night,104DABFC,None
Greaves of Solitude,104E483C,None
Green Turtle Talisman,2000047E,None
Greenburst Crystal Tear,40002B02,None
Greenspill Crystal Tear,40002AF9,None
Greyoll's Roar,40001BB2,None
Grossmesser,006D19B0,Smithing
Guardian Bracers,100509D8,None
Guardian Garb (Full Bloom),10050974,None
Guardian Garb,10050D5C,None
Guardian Greaves,10050A3C,None
Guardian Mask,10050910,None
Guardian's Swordspear,1145630,Smithing
Guilty Hood,10027100,None
Gurranq's Beast Claw,40001AAE,None
Haima Glintstone Crown,100F4240,None
Halberd,0112A880,Smithing
Haligbone Arrow (Fletched),02FF3640,None
Haligbone Arrow,02FF5D50,None
Haligbone Bolt,031B70D0,None
Haligdrake Talisman +1,20000FC9,None
Haligdrake Talisman +2,20000FCA,None
Haligdrake Talisman,20000FC8,None
Haligtree Crest Greatshield,01EC8DC0,Smithing
Haligtree Crest Surcoat,101AB454,None
Haligtree Gauntlets,101AB4B8,None
Haligtree Greaves,101AB51C,None
Haligtree Helm,101AB3F0,None
Haligtree Knight Armor (Altered),101BC9AC,None
Haligtree Knight Armor,101BC5C4,None
Haligtree Knight Gauntlets,101BC628,None
Haligtree Knight Greaves,101BC68C,None
Haligtree Knight Helm,101BC560,None
Haligtree Secret Medallion (Left),40001FEF,None
Haligtree Secret Medallion (Right),40001FF0,None
Haligtree Soldier Ashes +1,4003E419,None
Haligtree Soldier Ashes +10,4003E422,None
Haligtree Soldier Ashes +2,4003E41A,None
Haligtree Soldier Ashes +3,4003E41B,None
Haligtree Soldier Ashes +4,4003E41C,None
Haligtree Soldier Ashes +5,4003E41D,None
Haligtree Soldier Ashes +6,4003E41E,None
Haligtree Soldier Ashes +7,4003E41F,None
Haligtree Soldier Ashes +8,4003E420,None
Haligtree Soldier Ashes +9,4003E421,None
Haligtree Soldier Ashes,4003E418,None
Halo Scythe,012238E0,Somber
Hammer Talisman,20000816,None
Hammer,00A91140,Smithing
Hand Axe,00D5EDA0,Smithing
Hand Ballista,029F6300,Smithing
Hand of Malenia,0089A260,Somber
Harp Bow,0262CF30,Somber
Hawk Crest Wooden Shield,01DD2470,Smithing
Heal from Afar,401E9D80,None
Heal,40001915,None
Heart of Bayle,401EA3CB,None
Heater Shield,01DE0ED0,Smithing
Heavy Crossbow,029095F0,Smithing
Hefty Beast Bone,40003BED,None
Hefty Cracked Pot,401EA99C,None
Hefty Fetid Pot,401E85CA,None
Hefty Fire Pot,401E85AC,None
Hefty Fly Pot,401E85D4,None
Hefty Freezing Pot,401E85E8,None
Hefty Frenzied Flame Pot,401E86EC,None
Hefty Furnace Pot,401E8728,None
Hefty Lightning Pot,401E85C0,None
Hefty Magic Pot,401E8714,None
Hefty Oil Pot,401E85FC,None
Hefty Poison Pot,401E85F2,None
Hefty Rancor Pot,401E870A,None
Hefty Red Lightning Pot,401E8732,None
Hefty Rock Pot,401E85B6,None
Hefty Rot Pot,401E871E,None
Hefty Scimitar,00822850,Smithing
Hefty Volcano Pot,401E86D8,None
Helm of Night,104DAAD0,None
Helm of Solitude,104E4710,None
Helphen's Steeple,002FC290,Somber
Herba,400050D2,None
Herbalist's Bell Bearing,401EA746,None
Hermit Merchant's Bell Bearing [1],400022E1,None
Hermit Merchant's Bell Bearing [2],400022E8,None
Hermit Merchant's Bell Bearing [3],400022EA,None
Hero's Rune [1],40000B62,None
Hero's Rune [2],40000B63,None
Hero's Rune [3],40000B64,None
Hero's Rune [4],40000B65,None
Hero's Rune [5],40000B66,None
Hierodas Glintstone Crown,100F1B30,None
High Page Clothes (Altered),101E61BC,None
High Page Clothes,101E5DD4,None
High Page Hood,101E5D70,None
High Priest Gloves,104D3668,None
High Priest Hat,104D35A0,None
High Priest Robe,104D3604,None
High Priest Undergarments,104D36CC,None
Highland Attire,104F35BC,None
Highland Axe,00D72620,Smithing
Highwayman Cloth Armor,101E36C4,None
Highwayman Gauntlets,101E3728,None
Highwayman Hood,101E3660,None
Hole-Laden Necklace,401EA3C8,None
Holy Grease,40000596,None
Holy Water Grease,40000CE4,None
Holy Water Pot,4000015E,None
Holy-Shrouding Cracked Tear,40002B17,None
Holyproof Dried Liver,4000049C,None
Holyproof Pickled Liver,401E88FE,None
Homing Instinct Painting,40002008,None
Honed Bolt,40001B12,None
Hookclaws,014FB180,Smithing
Horn Bow,0271EA60,Smithing
Horn-Strewn Excrement,401ED2B3,None
Horned Bairn,401E90BA,None
Horned Warrior Armor,10501C34,None
Horned Warrior Ashes,4021C870,None
Horned Warrior Gauntlets,10501C98,None
Horned Warrior Greaves,10501CFC,None
Horned Warrior Helm,10501BD0,None
Horned Warrior's Greatsword,820140,Somber
Horned Warrior's Sword,0072E610,Somber
Horse Crest Wooden Shield,01DCAF40,Smithing
Hoslow's Armor (Altered),1009F344,None
Hoslow's Armor,1009EB74,None
Hoslow's Gauntlets,1009EBD8,None
Hoslow's Greaves,1009EC3C,None
Hoslow's Helm,1009EB10,None
Hoslow's Petal Whip,0131F050,Smithing
Host's Trick-Mirror,200017CA,None
Howl of Shabriri,40001CA2,None
Human Bone Shard,40003AFC,None
Ice Crest Shield,01CBE660,Smithing
Icerind Hatchet,00D6D800,Somber
Icon Shield,01EA6AE0,Somber
Idus Sword,04066D10,Smithing
Igon's Armor (Altered),104DD62C,None
Igon's Armor,104DD244,None
Igon's Bell Bearing,401EA74B,None
Igon's Cookbook [1],401EA8F3,None
Igon's Cookbook [2],401EA8DB,None
Igon's Furled Finger,401EA3C3,None
Igon's Gauntlets,104DD2A8,None
Igon's Greatbow,02887FA0,Smithing
Igon's Harpoon,0311D3E0,None
Igon's Helm (Altered),104DD5C8,None
Igon's Helm,104DD1E0,None
Igon's Loincloth,104DD30C,None
Iji's Bell Bearing,400022EC,None
Iji's Confession,40001FFD,None
Iji's Mirrorhelm,1013DA08,None
Imbued Sword Key,40001FFA,None
Immunizing Cured Meat,40000456,None
Immunizing Horn Charm +1,20000493,None
Immunizing Horn Charm +2,20001B8A,None
Immunizing Horn Charm,20000492,None
Immunizing White Cured Meat,4000051E,None
Immutable Shield,40001A54,None
Imp Head (Cat),10107AC0,None
Imp Head (Corpse),10108678,None
Imp Head (Elder),10108E48,None
Imp Head (Fanged),10107EA8,None
Imp Head (Lion),10515450,None
Imp Head (Long-Tongued),10108290,None
Imp Head (Wolf),10108A60,None
Impenetrable Thorns,401E97AE,None
Imprisoned Merchant's Bell Bearing,400022EB,None
Incantation Scarab,101D01C8,None
Incursion Painting,401EA488,None
Inescapable Frenzy,40001C84,None
Innard Meat,401E8B24,None
Inquisitor Ashes,4021A548,None
Inquisitor's Girandole,00F61FD0,Somber
Inseparable Sword,001FE410,Somber
Intelligence-knot Crystal Tear,40002B0F,None
Inverted Hawk Heater Shield,01DDE7C0,Smithing
Inverted Hawk Towershield,01EB7C50,Smithing
Invigorating Cured Meat,40000460,None
Invigorating White Cured Meat,40000528,None
Irina's Letter,40001FC3,None
Iris of Grace,401E8CC8,None
Iris of Occultation,401E8CD2,None
Iron Ball,014180B0,Smithing
Iron Cleaver,00D63BC0,Smithing
Iron Gauntlets,10009D08,None
Iron Greatsword,002E14E0,Smithing
Iron Helmet,10009C40,None
Iron Kasa,100249F0,None
Iron Rivet Armor,104C99C4,None
Iron Rivet Gauntlets,104C9A28,None
Iron Rivet Greaves,104C9A8C,None
Iron Roundshield,01CB9840,Smithing
Iron Spear,00F66DF0,Smithing
Iron Whetblade,4000230A,None
Ironjar Aromatic,40000DC0,None
Isolated Merchant's Bell Bearing [1],400022DE,None
Isolated Merchant's Bell Bearing [2],400022DF,None
Isolated Merchant's Bell Bearing [3],400022E7,None
Ivory Sickle,00113E10,Smithing
Ivory-Draped Tabard,101CB024,None
Jar Cannon,029F8A10,Somber
Jar,10111700,None
Jarwight Puppet +1,40040359,None
Jarwight Puppet +10,40040362,None
Jarwight Puppet +2,4004035A,None
Jarwight Puppet +3,4004035B,None
Jarwight Puppet +4,4004035C,None
Jarwight Puppet +5,4004035D,None
Jarwight Puppet +6,4004035E,None
Jarwight Puppet +7,4004035F,None
Jarwight Puppet +8,40040360,None
Jarwight Puppet +9,40040361,None
Jarwight Puppet,40040358,None
Jawbone Axe,00D614B0,Smithing
Jellyfish Shield,01EA1CC0,Somber
Jolán and Anna,4021DFE0,None
Juvenile Scholar Cap,100FB770,None
Juvenile Scholar Robe,100FB7D4,None
Kaiden Armor,1000C3B4,None
Kaiden Gauntlets,1000C418,None
Kaiden Helm,1000C350,None
Kaiden Sellsword Ashes +1,40038659,None
Kaiden Sellsword Ashes +10,40038662,None
Kaiden Sellsword Ashes +2,4003865A,None
Kaiden Sellsword Ashes +3,4003865B,None
Kaiden Sellsword Ashes +4,4003865C,None
Kaiden Sellsword Ashes +5,4003865D,None
Kaiden Sellsword Ashes +6,4003865E,None
Kaiden Sellsword Ashes +7,4003865F,None
Kaiden Sellsword Ashes +8,40038660,None
Kaiden Sellsword Ashes +9,40038661,None
Kaiden Sellsword Ashes,40038658,None
Kaiden Trousers,1000C47C,None
Kalé's Bell Bearing,400022D8,None
Karolos Glintstone Crown,100CB5E8,None
Katar,0141F5E0,Smithing
Keep Wall Key,401EA3D7,None
Kindred of Rot Ashes +1,40036B01,None
Kindred of Rot Ashes +10,40036B0A,None
Kindred of Rot Ashes +2,40036B02,None
Kindred of Rot Ashes +3,40036B03,None
Kindred of Rot Ashes +4,40036B04,None
Kindred of Rot Ashes +5,40036B05,None
Kindred of Rot Ashes +6,40036B06,None
Kindred of Rot Ashes +7,40036B07,None
Kindred of Rot Ashes +8,40036B08,None
Kindred of Rot Ashes +9,40036B09,None
Kindred of Rot Ashes,40036B00,None
Kindred of Rot's Exultation,2000087A,None
Kite Shield,01D905C0,Smithing
Knifeprint Clue,40001FFE,None
Knight Armor,1016E3C4,None
Knight Gauntlets,1016E428,None
Knight Greaves,1016E48C,None
Knight Helm,1016E360,None
Knight's Greatsword,002E6300,Smithing
Knight's Lightning Spear,401E9F74,None
Knot Resin,401ED2A4,None
Kukri,400006C2,None
Lacerating Crossed-Tree,20001FCC,None
Lamenter's Mask,401E8C6E,None
Lamenting Visage,0175FE30,Somber
Lance Talisman,2000085C,None
Lance,010450A0,Smithing
Land Octopus Ovary,40003B24,None
Land of Reeds Armor (Altered),100D4ABC,None
Land of Reeds Armor,100D46D4,None
Land of Reeds Gauntlets,100D4738,None
Land of Reeds Greaves,100D479C,None
Land of Reeds Helm,100D4670,None
Land of Shadow,401E9E98,None
Land Squirt Ashes +1,4003B921,None
Land Squirt Ashes +10,4003B92A,None
Land Squirt Ashes +2,4003B922,None
Land Squirt Ashes +3,4003B923,None
Land Squirt Ashes +4,4003B924,None
Land Squirt Ashes +5,4003B925,None
Land Squirt Ashes +6,4003B926,None
Land Squirt Ashes +7,4003B927,None
Land Squirt Ashes +8,4003B928,None
Land Squirt Ashes +9,4003B929,None
Land Squirt Ashes,4003B920,None
Lands Between Rune,40000BAE,None
Lansseax's Glaive,40001B26,None
Lantern,40000816,None
Large Club,00B71B00,Smithing
Large Glintstone Scrap,40000BEB,None
Large Leather Shield,01DC8830,Smithing
Larval Tear,40001FF9,None
Larval Tear,401EA3E1,None
Latenna the Albinauric +1,40031CE1,None
Latenna the Albinauric +10,40031CEA,None
Latenna the Albinauric +2,40031CE2,None
Latenna the Albinauric +3,40031CE3,None
Latenna the Albinauric +4,40031CE4,None
Latenna the Albinauric +5,40031CE5,None
Latenna the Albinauric +6,40031CE6,None
Latenna the Albinauric +7,40031CE7,None
Latenna the Albinauric +8,40031CE8,None
Latenna the Albinauric +9,40031CE9,None
Latenna the Albinauric,40031CE0,None
Law of Causality,40001A68,None
Law of Regression,40001A4A,None
Lazuli Glintstone Crown,100CB200,None
Lazuli Glintstone Sword,225510,Somber
Lazuli Robe,101EF9B0,None
Leaden Hardtear,40002B0A,None
Leather Arm Wraps,104F3238,None
Leather Armor,10155D24,None
Leather Boots,10155DEC,None
Leather Crown,104F3558,None
Leather Gloves,10155D88,None
Leather Headband,104F3170,None
Leather Leg Wraps,104F329C,None
Leather Trousers,10009D6C,None
Leather-Draped Tabard,101C3AF4,None
Leda's Armor,104C4BA4,None
Leda's Rune,401E9006,None
Leda's Sword,04061EF0,Somber
Leontiel's Armor,1051C9E4,None
Leontiel's Boots,1051CAAC,None
Leontiel's Greatsword,00365240,Somber
Leontiel's Hat (Altered),1051CD68,None
Leontiel's Hat,1051C980,None
Leontiel's Leather Gloves,1051CA48,None
Let Us Go Together,401EA7AB,None
Letter for Freyja,401EA3CF,None
Letter from Volcano Manor,40001FBF,None
Letter from Volcano Manor,40001FC4,None
Letter to Bernahl,40001FED,None
Letter to Patches,40001FE7,None
Leyndell Knight Armor (Altered),101B547C,None
Leyndell Knight Armor,101B5094,None
Leyndell Knight Gauntlets,101B50F8,None
Leyndell Knight Greaves,101B515C,None
Leyndell Knight Helm,101B5030,None
Leyndell Soldier Ashes +1,4003D861,None
Leyndell Soldier Ashes +10,4003D86A,None
Leyndell Soldier Ashes +2,4003D862,None
Leyndell Soldier Ashes +3,4003D863,None
Leyndell Soldier Ashes +4,4003D864,None
Leyndell Soldier Ashes +5,4003D865,None
Leyndell Soldier Ashes +6,4003D866,None
Leyndell Soldier Ashes +7,4003D867,None
Leyndell Soldier Ashes +8,4003D868,None
Leyndell Soldier Ashes +9,4003D869,None
Leyndell Soldier Ashes,4003D860,None
Leyndell Soldier Gauntlets,101A3F88,None
Leyndell Soldier Greaves,101A3FEC,None
Leyndell Soldier Helm,101A3EC0,None
Lhutel the Headless +1,4003EFD1,None
Lhutel the Headless +10,4003EFDA,None
Lhutel the Headless +2,4003EFD2,None
Lhutel the Headless +3,4003EFD3,None
Lhutel the Headless +4,4003EFD4,None
Lhutel the Headless +5,4003EFD5,None
Lhutel the Headless +6,4003EFD6,None
Lhutel the Headless +7,4003EFD7,None
Lhutel the Headless +8,4003EFD8,None
Lhutel the Headless +9,4003EFD9,None
Lhutel the Headless,4003EFD0,None
Light Crossbow,02906EE0,Smithing
Light of Miquella,401E9EAC,None
Lightning Bolt,03199C10,None
Lightning Fortification,40001946,None
Lightning Grease,40000582,None
Lightning Greatbolt,0328DE50,None
Lightning Perfume Bottle,03AADF90,Smithing
Lightning Pot,40000140,None
Lightning Scorpion Charm,200007DA,None
Lightning Spear,40001AF4,None
Lightning Strike,40001B08,None
Lightning-Shrouding Cracked Tear,40002B16,None
Lightningbone Arrow (Fletched),02FDFDC0,None
Lightningbone Arrow,02FE24D0,None
Lightningbone Bolt,031B22B0,None
Lightningproof Dried Liver,40000492,None
Lightningproof Pickled Liver,401E88F4,None
Lion Greatbow,0280DE80,Somber
Lionel's Armor (Altered),1009C84C,None
Lionel's Armor,1009C464,None
Lionel's Gauntlets,1009C4C8,None
Lionel's Greaves,1009C52C,None
Lionel's Helm,1009C400,None
Litany of Proper Death,40001A5E,None
Living Jar Shard,40003C32,None
Lizard Greatsword,0035B600,Smithing
Lone Wolf Ashes +1,40038A41,None
Lone Wolf Ashes +10,40038A4A,None
Lone Wolf Ashes +2,40038A42,None
Lone Wolf Ashes +3,40038A43,None
Lone Wolf Ashes +4,40038A44,None
Lone Wolf Ashes +5,40038A45,None
Lone Wolf Ashes +6,40038A46,None
Lone Wolf Ashes +7,40038A47,None
Lone Wolf Ashes +8,40038A48,None
Lone Wolf Ashes +9,40038A49,None
Lone Wolf Ashes,40038A40,None
Longbow,02719C40,Smithing
Longhaft Axe,00E5A510,Smithing
Longsword,001E8480,Smithing
Longtail Cat Talisman,20001798,None
Lord of Blood's Exultation,20000870,None
Lord of Blood's Favor,40001FDA,None
Lord of Blood's Favor,40001FDB,None
Lord of Blood's Robe (Altered),1007574C,None
Lord of Blood's Robe,10075364,None
Lord's Aid,40001929,None
Lord's Divine Fortification,4000195A,None
Lord's Heal,40001917,None
Lord's Rune,40000B67,None
Lordsworn's Bolt,031AAD80,None
Lordsworn's Greatsword,002E3BF0,Smithing
Lordsworn's Shield,01ECDBE0,Smithing
Lordsworn's Straight Sword,001F20C0,Smithing
Loretta's Greatbow,4000111C,None
Loretta's Mastery,4000111D,None
Loretta's War Sickle,01142F20,Somber
Lost Ashes of War,40002756,None
Loyal Knight's Cookbook,401EA8F1,None
Lucent Baldachin's Blessing,40001FA6,None
Lucerne,0112F6A0,Smithing
Lucidity,40001180,None
Lulling Branch,401E880E,None
Lump of Flesh,40003AAC,None
Lusat's Glintstone Crown,1008D9A0,None
Lusat's Glintstone Staff,01FB33C0,Somber
Lusat's Manchettes,1008DA68,None
Lusat's Robe,1008DA04,None
Mace,00A7D8C0,Smithing
Mad Craftsman's Cookbook [1],401EA8ED,None
Mad Craftsman's Cookbook [2],401EA8E5,None
Mad Craftsman's Cookbook [3],401EA8FA,None
Mad Pumpkin Head Ashes +1,4003B539,None
Mad Pumpkin Head Ashes +10,4003B542,None
Mad Pumpkin Head Ashes +2,4003B53A,None
Mad Pumpkin Head Ashes +3,4003B53B,None
Mad Pumpkin Head Ashes +4,4003B53C,None
Mad Pumpkin Head Ashes +5,4003B53D,None
Mad Pumpkin Head Ashes +6,4003B53E,None
Mad Pumpkin Head Ashes +7,4003B53F,None
Mad Pumpkin Head Ashes +8,4003B540,None
Mad Pumpkin Head Ashes +9,4003B541,None
Mad Pumpkin Head Ashes,4003B538,None
Madding Hand,1488590,Somber
Magic Downpour,40001112,None
Magic Fortification,4000193C,None
Magic Glintblade,40001126,None
Magic Grease,4000058C,None
Magic Pot,40000294,None
Magic Scorpion Charm,200007D0,None
Magic-Shrouding Cracked Tear,40002B15,None
Magicbone Arrow (Fletched),02FEE820,None
Magicbone Arrow,02FF0F30,None
Magicbone Bolt,031B49C0,None
Magma Blade,006B9310,Somber
Magma Breath,40001B62,None
Magma Shot,400012C0,None
Magma Whip Candlestick,0131A230,Somber
Magma Wyrm's Scalesword,007AAE40,Somber
Main-gauche,0016E360,Smithing
Malenia's Armor (Altered),100BC41C,None
Malenia's Armor,100BC034,None
Malenia's Gauntlet,100BC098,None
Malenia's Great Rune Restored,400000C4,None
Malenia's Great Rune Unrestored,40001FD9,None
Malenia's Greaves,100BC0FC,None
Malenia's Winged Helm,100BBFD0,None
Malformed Dragon Armor,1003F804,None
Malformed Dragon Gauntlets,1003F868,None
Malformed Dragon Greaves,1003F8CC,None
Malformed Dragon Helm,1003F7A0,None
Maliketh's Armor (Altered),100B9D0C,None
Maliketh's Armor,100B9924,None
Maliketh's Black Blade,003D5720,Somber
Maliketh's Gauntlets,100B9988,None
Maliketh's Greaves,100B99EC,None
Maliketh's Helm,100B98C0,None
Man-Fly Ashes,4021BCB8,None
Man-Serpent Ashes +1,40037E89,None
Man-Serpent Ashes +10,40037E92,None
Man-Serpent Ashes +2,40037E8A,None
Man-Serpent Ashes +3,40037E8B,None
Man-Serpent Ashes +4,40037E8C,None
Man-Serpent Ashes +5,40037E8D,None
Man-Serpent Ashes +6,40037E8E,None
Man-Serpent Ashes +7,40037E8F,None
Man-Serpent Ashes +8,40037E90,None
Man-Serpent Ashes +9,40037E91,None
Man-Serpent Ashes,40037E88,None
Man-Serpent's Shield,01CA11A0,Smithing
Manor Towershield,01EB2E30,Smithing
Mantis Blade,006CA480,Smithing
Mantle of Thorns,401E97A4,None
Map: Abyss,401EA61C,None
Map: Gravesite Plain,401EA618,None
Map: Rauh Ruins,401EA61B,None
Map: Scadu Altus,401EA619,None
Map: Southern Shore,401EA61A,None
Marais Executioner's Sword,003010B0,Somber
Marais Mask,100EB1B8,None
Marais Robe,100EB21C,None
Margit's Shackle,4000085C,None
Marika's Hammer,00AA22B0,Somber
Marika's Rune,401E9010,None
Marika's Scarseal,200004C4,None
Marika's Soreseal,200004C5,None
Marionette Soldier Armor,100CD1A4,None
Marionette Soldier Ashes +1,40036EE9,None
Marionette Soldier Ashes +10,40036EF2,None
Marionette Soldier Ashes +2,40036EEA,None
Marionette Soldier Ashes +3,40036EEB,None
Marionette Soldier Ashes +4,40036EEC,None
Marionette Soldier Ashes +5,40036EED,None
Marionette Soldier Ashes +6,40036EEE,None
Marionette Soldier Ashes +7,40036EEF,None
Marionette Soldier Ashes +8,40036EF0,None
Marionette Soldier Ashes +9,40036EF1,None
Marionette Soldier Ashes,40036EE8,None
Marionette Soldier Birdhelm,100CF850,None
Marionette Soldier Helm,100CD140,None
Marred Leather Shield,01D92CD0,Smithing
Marred Wooden Shield,01D953E0,Smithing
Mask of Confidence,100DE698,None
Mass of Putrescence,401E9CC2,None
Maternal Staff,01FF7980,Smithing
Mausoleum Gauntlets,101A8DA8,None
Mausoleum Greaves,101A8E0C,None
Mausoleum Knight Armor (Altered),101BA29C,None
Mausoleum Knight Armor,101B9EB4,None
Mausoleum Knight Gauntlets,101B9F18,None
Mausoleum Knight Greaves,101B9F7C,None
Mausoleum Soldier Ashes +1,4003E031,None
Mausoleum Soldier Ashes +10,4003E03A,None
Mausoleum Soldier Ashes +2,4003E032,None
Mausoleum Soldier Ashes +3,4003E033,None
Mausoleum Soldier Ashes +4,4003E034,None
Mausoleum Soldier Ashes +5,4003E035,None
Mausoleum Soldier Ashes +6,4003E036,None
Mausoleum Soldier Ashes +7,4003E037,None
Mausoleum Soldier Ashes +8,4003E038,None
Mausoleum Soldier Ashes +9,4003E039,None
Mausoleum Soldier Ashes,4003E030,None
Mausoleum Surcoat,101A8D44,None
May the Best Win,401EA7A9,None
Meat Peddler's Bell Bearing,400022F2,None
Medicine Peddler's Bell Bearing,400022F3,None
Meeting Place Map,40002006,None
Melted Mushroom,40005119,None
Memory of Grace,40000073,None
Memory Stone,4000272E,None
Mending Rune of Perfect Order,40001FF6,None
Mending Rune of the Death-Prince,40001FF7,None
Mending Rune of the Fell Curse,40001FF8,None
Message from Leda,401EA3E2,None
Messmer Soldier Armor (Altered),104E726C,None
Messmer Soldier Armor,104E6E84,None
Messmer Soldier Ashes,4021AD18,None
Messmer Soldier Gauntlets,104E6EE8,None
Messmer Soldier Greaves,104E6F4C,None
Messmer Soldier Helm,104E6E20,None
Messmer Soldier Shield,01E0A6E0,Smithing
Messmer Soldier's Axe,00DD8EC0,Smithing
Messmer Soldier's Spear,010B2E70,Smithing
Messmer's Armor,104FA704,None
Messmer's Gauntlets,104FA768,None
Messmer's Greaves,104FA7CC,None
Messmer's Helm (Altered),104FAA88,None
Messmer's Helm,104FA6A0,None
Messmer's Kindling,401EA3D5,None
Messmer's Orb,401EA30C,None
Messmerfire Grease,401E89F8,None
Meteor Bolt,031A3850,None
Meteoric Ore Blade,0089C970,Somber
Meteorite of Astel,4000125D,None
Meteorite Staff,01FB5AD0,None
Meteorite,4000125C,None
Midra's Flame of Frenzy,401EA104,None
Milady,0405F7E0,Smithing
Millicent's Prosthesis,200004E2,None
Mimic Tear Ashes +1,40032899,None
Mimic Tear Ashes +10,400328A2,None
Mimic Tear Ashes +2,4003289A,None
Mimic Tear Ashes +3,4003289B,None
Mimic Tear Ashes +4,4003289C,None
Mimic Tear Ashes +5,4003289D,None
Mimic Tear Ashes +6,4003289E,None
Mimic Tear Ashes +7,4003289F,None
Mimic Tear Ashes +8,400328A0,None
Mimic Tear Ashes +9,400328A1,None
Mimic Tear Ashes,40032898,None
Mimic's Veil,40000BE0,None
Miniature Ranni,40001FD2,None
Miniature Ranni,40001FFB,None
Minor Erdtree,401E9E8E,None
Miquella's Great Rune,401EA3C0,None
Miquella's Lily,400050AD,None
Miquella's Needle,4000088E,None
Miquellan Knight's Sword,002191C0,Somber
Mirage Riddle,400021D4,None
Miranda Powder,40003B2E,None
Miranda Sprout Ashes +1,4003BD09,None
Miranda Sprout Ashes +10,4003BD12,None
Miranda Sprout Ashes +2,4003BD0A,None
Miranda Sprout Ashes +3,4003BD0B,None
Miranda Sprout Ashes +4,4003BD0C,None
Miranda Sprout Ashes +5,4003BD0D,None
Miranda Sprout Ashes +6,4003BD0E,None
Miranda Sprout Ashes +7,4003BD0F,None
Miranda Sprout Ashes +8,4003BD10,None
Miranda Sprout Ashes +9,4003BD11,None
Miranda Sprout Ashes,4003BD08,None
Miriam's Vanishing,401E954C,None
Miriel's Bell Bearing,400022D5,None
Misbegotten Shortbow,2628110,Smithing
Miséricorde,000FB770,Smithing
Mohg's Great Rune Restored,400000C3,None
Mohg's Great Rune Unrestored,40001FD8,None
Mohg's Shackle,40000866,None
Mohgwyn's Sacred Spear,01038D50,Somber
Moldmonger's Bell Bearing,401EA74A,None
Monk's Flameblade,007B2370,Smithing
Monk's Flamemace,00A93850,Smithing
Monk's Missive,401EA3DD,None
Moon of Nokstella,20000474,None
Moonrithyll's Knight Sword,454660,Somber
Moonveil,008A3EA0,Somber
Moore's Bell Bearing,401EA744,None
Morgott's Cursed Sword,007B98A0,Somber
Morgott's Great Rune Restored,400000C1,None
Morgott's Great Rune Unrestored,40001FD6,None
Morning Star,00A89C10,Smithing
Mottled Necklace +1,200004B1,None
Mottled Necklace +2,20001BA8,None
Mottled Necklace,200004B0,None
Multilayered Ring of Light,401E9EB6,None
Mushroom Arms,10113ED8,None
Mushroom Body,10113E74,None
Mushroom Crown,101EAB90,None
Mushroom Head,10113E10,None
Mushroom Legs,10113F3C,None
Mushroom,40005118,None
Mushroom-Seller's Bell Bearing [1],401EA747,None
Mushroom-Seller's Bell Bearing [2],401EA748,None
Nagakiba,00897B50,Smithing
Nailstone,401ED2C1,None
Nanaya's Torch,0175D720,Somber
Nascent Butterfly,40005140,None
Navy Hood,100B4E88,None
Nectarblood Burgeon,401ED2AF,None
Nepheli Loux Puppet +1,4003F3B9,None
Nepheli Loux Puppet +10,4003F3C2,None
Nepheli Loux Puppet +2,4003F3BA,None
Nepheli Loux Puppet +3,4003F3BB,None
Nepheli Loux Puppet +4,4003F3BC,None
Nepheli Loux Puppet +5,4003F3BD,None
Nepheli Loux Puppet +6,4003F3BE,None
Nepheli Loux Puppet +7,4003F3BF,None
Nepheli Loux Puppet +8,4003F3C0,None
Nepheli Loux Puppet +9,4003F3C1,None
Nepheli Loux Puppet,4003F3B8,None
Neutralizing Boluses,40000384,None
New Cross Map,401EA3CC,None
Night Comet,4000120C,None
Night Maiden Armor,100478EC,None
Night Maiden Twin Crown,10047888,None
Night Maiden's Mist,40001964,None
Night Shard,40001202,None
Night's Cavalry Armor (Altered),100386BC,None
Night's Cavalry Armor,100382D4,None
Night's Cavalry Gauntlets,10038338,None
Night's Cavalry Greaves,1003839C,None
Night's Cavalry Helm (Altered),10038658,None
Night's Cavalry Helm,10038270,None
Nightmaiden & Swordstress Puppets +1,400324B1,None
Nightmaiden & Swordstress Puppets +10,400324BA,None
Nightmaiden & Swordstress Puppets +2,400324B2,None
Nightmaiden & Swordstress Puppets +3,400324B3,None
Nightmaiden & Swordstress Puppets +4,400324B4,None
Nightmaiden & Swordstress Puppets +5,400324B5,None
Nightmaiden & Swordstress Puppets +6,400324B6,None
Nightmaiden & Swordstress Puppets +7,400324B7,None
Nightmaiden & Swordstress Puppets +8,400324B8,None
Nightmaiden & Swordstress Puppets +9,400324B9,None
Nightmaiden & Swordstress Puppets,400324B0,None
Nightrider Flail,00C65D40,Smithing
Nightrider Glaive,01136BD0,Smithing
Noble Presence,4000187E,None
Noble Sorcerer Ashes +1,4003AD69,None
Noble Sorcerer Ashes +10,4003AD72,None
Noble Sorcerer Ashes +2,4003AD6A,None
Noble Sorcerer Ashes +3,4003AD6B,None
Noble Sorcerer Ashes +4,4003AD6C,None
Noble Sorcerer Ashes +5,4003AD6D,None
Noble Sorcerer Ashes +6,4003AD6E,None
Noble Sorcerer Ashes +7,4003AD6F,None
Noble Sorcerer Ashes +8,4003AD70,None
Noble Sorcerer Ashes +9,4003AD71,None
Noble Sorcerer Ashes,4003AD68,None
Noble's Estoc,004D35A0,Smithing
Noble's Gloves,100B4B68,None
Noble's Slender Sword,002206F0,Smithing
Noble's Traveling Garb,100B4B04,None
Noble's Trousers,100B4BCC,None
Nomad Ashes +1,400320C9,None
Nomad Ashes +10,400320D2,None
Nomad Ashes +2,400320CA,None
Nomad Ashes +3,400320CB,None
Nomad Ashes +4,400320CC,None
Nomad Ashes +5,400320CD,None
Nomad Ashes +6,400320CE,None
Nomad Ashes +7,400320CF,None
Nomad Ashes +8,400320D0,None
Nomad Ashes +9,400320D1,None
Nomad Ashes,400320C8,None
Nomadic Merchant's Bell Bearing [10],400022E5,None
Nomadic Merchant's Bell Bearing [1],400022D9,None
Nomadic Merchant's Bell Bearing [2],400022DA,None
Nomadic Merchant's Bell Bearing [3],400022DB,None
Nomadic Merchant's Bell Bearing [4],400022DC,None
Nomadic Merchant's Bell Bearing [5],400022DD,None
Nomadic Merchant's Bell Bearing [6],400022E0,None
Nomadic Merchant's Bell Bearing [7],400022E2,None
Nomadic Merchant's Bell Bearing [8],400022E3,None
Nomadic Merchant's Bell Bearing [9],400022E4,None
Nomadic Merchant's Chapeau,1003D090,None
Nomadic Merchant's Finery (Altered),1003D4DC,None
Nomadic Merchant's Finery,1003D0F4,None
Nomadic Merchant's Trousers,1003D1BC,None
Note: Demi-human Mobs,40002204,None
Note: Demi-human Mobs,40002236,None
Note: Flame Chariots,40002203,None
Note: Flame Chariots,40002235,None
Note: Flask of Wondrous Physick,400021FE,None
Note: Flask of Wondrous Physick,40002230,None
Note: Frenzied Flame Village,4000220B,None
Note: Frenzied Flame Village,4000223D,None
Note: Gateway,40002209,None
Note: Gateway,4000223B,None
Note: Gravity's Advantage,40002206,None
Note: Gravity's Advantage,40002238,None
Note: Great Coffins,40002202,None
Note: Great Coffins,40002234,None
Note: Hidden Cave,400021FC,None
Note: Hidden Cave,4000222E,None
Note: Imp Shades,400021FD,None
Note: Imp Shades,4000222F,None
Note: Land Squirts,40002205,None
Note: Land Squirts,40002237,None
Note: Miquella's Needle,4000220A,None
Note: Revenants,40002207,None
Note: Revenants,40002239,None
Note: Sealed Spiritsprings,401EA3DF,None
Note: Sealed Spiritsprings,401EA443,None
Note: Stonedigger Trolls,400021FF,None
Note: Stonedigger Trolls,40002231,None
Note: The Lord of Frenzied Flame,4000220C,None
Note: Unseen Assassins,40002201,None
Note: Unseen Assassins,40002233,None
Note: Walking Mausoleum,40002200,None
Note: Walking Mausoleum,40002232,None
Note: Waypoint Ruins,40002208,None
Note: Waypoint Ruins,4000223A,None
Nox Flowing Hammer,00A9AD80,Somber
Nox Flowing Sword,001FBD00,Somber
Nox Mirrorhelm,1013D620,None
Nox Monk Armor (Altered),1004711C,None
Nox Monk Armor,10046D34,None
Nox Monk Bracelets,10046D98,None
Nox Monk Greaves,10046DFC,None
Nox Monk Hood (Altered),100470B8,None
Nox Monk Hood,10046CD0,None
Nox Swordstress Armor (Altered),10047CD4,None
Nox Swordstress Armor,10047504,None
Nox Swordstress Crown (Altered),10047C70,None
Nox Swordstress Crown,100474A0,None
Numen's Rune,40000B61,None
O Mother,401EA7AC,None
O, Flame!,40001771,None
Oathseeker Knight Armor,104C5374,None
Oathseeker Knight Gauntlets,104C4C08,None
Oathseeker Knight Greaves,104C4C6C,None
Oathseeker Knight Helm,104C4B40,None
Obsidian Lamina,01298BE0,Somber
Octopus Head,1010EFF0,None
Official's Attire,100EB604,None
Oil Pot,4000017C,None
Oil-Soaked Tear,401EAFA0,None
Okina Mask,100D4E40,None
Old Aristocrat Cowl,1005F370,None
Old Aristocrat Gown,1005F3D4,None
Old Aristocrat Shoes,1005F49C,None
Old Fang,40003AC0,None
Old Lord's Talisman,20000BF4,None
Old Sorcerer's Legwraps,1008DACC,None
Olivinus Glintstone Crown,100CAE18,None
Omen Armor,100ECD74,None
Omen Bairn,40000BC2,None
Omen Cleaver,007AFC60,Smithing
Omen Gauntlets,100ECDD8,None
Omen Greaves,100ECE3C,None
Omen Helm,100ECD10,None
Omenkiller Boots,101CD7FC,None
Omenkiller Long Gloves,101CD798,None
Omenkiller Robe,101CD734,None
Omenkiller Rollo +1,4003C4D9,None
Omenkiller Rollo +10,4003C4E2,None
Omenkiller Rollo +2,4003C4DA,None
Omenkiller Rollo +3,4003C4DB,None
Omenkiller Rollo +4,4003C4DC,None
Omenkiller Rollo +5,4003C4DD,None
Omenkiller Rollo +6,4003C4DE,None
Omenkiller Rollo +7,4003C4DF,None
Omenkiller Rollo +8,4003C4E0,None
Omenkiller Rollo +9,4003C4E1,None
Omenkiller Rollo,4003C4D8,None
Omensmirk Mask,101CD6D0,None
One-Eyed Shield,01EA91F0,Somber
Onyx Lord's Greatsword,007A3910,Somber
Opaline Bubbletear,40002B00,None
Opaline Hardtear,40002B03,None
Opaline Pickled Liver,401E8908,None
Oracle Bubbles,400013EC,None
Oracle Envoy Ashes +1,400343F1,None
Oracle Envoy Ashes +10,400343FA,None
Oracle Envoy Ashes +2,400343F2,None
Oracle Envoy Ashes +3,400343F3,None
Oracle Envoy Ashes +4,400343F4,None
Oracle Envoy Ashes +5,400343F5,None
Oracle Envoy Ashes +6,400343F6,None
Oracle Envoy Ashes +7,400343F7,None
Oracle Envoy Ashes +8,400343F8,None
Oracle Envoy Ashes +9,400343F9,None
Oracle Envoy Ashes,400343F0,None
Order Healing,40001A7C,None
Order's Blade,40001A72,None
Ordovis's Greatsword,002EB120,Somber
Ornamental Straight Sword,001F6EE0,Somber
Outer God Heirloom,20001F54,None
Page Ashes +1,40035B61,None
Page Ashes +10,40035B6A,None
Page Ashes +2,40035B62,None
Page Ashes +3,40035B63,None
Page Ashes +4,40035B64,None
Page Ashes +5,40035B65,None
Page Ashes +6,40035B66,None
Page Ashes +7,40035B67,None
Page Ashes +8,40035B68,None
Page Ashes +9,40035B69,None
Page Ashes,40035B60,None
Page Garb (Altered),10035FAC,None
Page Garb,10035BC4,None
Page Hood,10035B60,None
Page Trousers,10035C8C,None
Parrying Dagger,000F9060,Smithing
Partisan,00F4E750,Smithing
Pata,1483770,Smithing
Patches' Bell Bearing,400022D0,None
Pearl Shield Talisman,20001F9A,None
Pearldrake Talisman +1,20000FD3,None
Pearldrake Talisman +2,20000FD4,None
Pearldrake Talisman +3,20001BDA,None
Pearldrake Talisman,20000FD2,None
Pearlescent Scale,401EBF2C,None
Pelt of Ralva,104C9960,None
Perfume Bottle,40002526,None
Perfumed Oil of Ranah,401E90C4,None
Perfumer Gloves,10016058,None
Perfumer Hood,10015F90,None
Perfumer Robe (Altered),100163DC,None
Perfumer Robe,10015FF4,None
Perfumer Sarong,100160BC,None
Perfumer Tricia +1,40034FA9,None
Perfumer Tricia +10,40034FB2,None
Perfumer Tricia +2,40034FAA,None
Perfumer Tricia +3,40034FAB,None
Perfumer Tricia +4,40034FAC,None
Perfumer Tricia +5,40034FAD,None
Perfumer Tricia +6,40034FAE,None
Perfumer Tricia +7,40034FAF,None
Perfumer Tricia +8,40034FB0,None
Perfumer Tricia +9,40034FB1,None
Perfumer Tricia,40034FA8,None
Perfumer's Bolt,0319C320,None
Perfumer's Shield,01C9EA90,Smithing
Perfumer's Talisman,200008AC,None
Perfumer's Traveling Garb (Altered),10018AEC,None
Perfumer's Traveling Garb,10018704,None
Pest Threads,40001C20,None
Pest's Glaive,0112CF90,Smithing
Pest-Thread Spears,401EA0AA,None
Phantom Bloody Finger,4000006B,None
Phantom Bloody Finger,40000071,None
Phantom Great Rune,40000087,None
Phantom Recusant Finger,40000072,None
Pickaxe,00B93DE0,Smithing
Pickled Turtle Neck,4000044C,None
Pidia's Bell Bearing,400022CE,None
Pike,00F53570,Smithing
Pillory Shield,01CA5FC0,Smithing
Piquebone Arrow (Fletched),03032DE0,None
Piquebone Arrow,030354F0,None
Piquebone Bolt,3216440,None
Placidusax's Ruin,40001B8A,None
Poison Armament,40001C3E,None
Poison Grease,400005B4,None
Poison Mist,40001C34,None
Poison Pot,40000172,None
Poison Spraymist,40000DFC,None
Poisonbloom,400050AA,None
Poisonbone Arrow (Fletched),02FD3A70,None
Poisonbone Arrow,02FD6180,None
Poisonbone Bolt,031B97E0,None
Poisonbone Dart,400006B8,None
Poisoned Hand,01485E80,Somber
Poisoned Stone Clump,40000731,None
Poisoned Stone,40000730,None
Poleblade of the Bud,011A70B0,Somber
Polter Stone,401E8C50,None
Prattling Pate "Apologies",4000089A,None
Prattling Pate "Hello",40000898,None
Prattling Pate "Lamentation",401E8CE6,None
Prattling Pate "Let's get to it",4000089E,None
Prattling Pate "My beloved",4000089D,None
Prattling Pate "Please help",4000089C,None
Prattling Pate "Thank you",40000899,None
Prattling Pate "Wonderful",4000089B,None
Prattling Pate "You're beautiful",4000089F,None
Prayer Room Key,401EA3E4,None
Preceptor's Big Hat,100DE2B0,None
Preceptor's Gloves,100DE378,None
Preceptor's Long Gown (Altered),100DE6FC,None
Preceptor's Long Gown,100DE314,None
Preceptor's Trousers,100DE3DC,None
Prelate's Inferno Crozier,015EF3C0,Smithing
Preserving Boluses,400003AC,None
Priestess Heart,401E8C64,None
Primal Glintstone Blade,20000C08,None
Prince of Death's Cyst,200004A7,None
Prince of Death's Pustule,200004A6,None
Prince of Death's Staff,01FA4960,Smithing
Prisoner Clothing,100D94F4,None
Prisoner Iron Mask,100D9490,None
Prisoner Trousers,100D95BC,None
Prophecy Painting,4000200C,None
Prophet Blindfold,100975E0,None
Prophet Robe (Altered),10097A2C,None
Prophet Robe,10097E14,None
Prophet Trousers,1009770C,None
Prosthesis-Wearer Heirloom,2000042E,None
Protection of the Erdtree,400018C4,None
Pulley Bow,027286A0,Somber
Pulley Crossbow,0290E410,Somber
Pumpkin Helm,1006B6C0,None
Pureblood Knight's Medal,40000870,None
Purifying Crystal Tear,40002B13,None
Putrescence Cleaver,0081B320,None
Putrid Corpse Ashes +1,400347D9,None
Putrid Corpse Ashes +10,400347E2,None
Putrid Corpse Ashes +2,400347DA,None
Putrid Corpse Ashes +3,400347DB,None
Putrid Corpse Ashes +4,400347DC,None
Putrid Corpse Ashes +5,400347DD,None
Putrid Corpse Ashes +6,400347DE,None
Putrid Corpse Ashes +7,400347DF,None
Putrid Corpse Ashes +8,400347E0,None
Putrid Corpse Ashes +9,400347E1,None
Putrid Corpse Ashes,400347D8,None
Queelign's Greatsword,00632EA0,Smithing
Queen's Bracelets,1007C8F8,None
Queen's Crescent Crown,1007C830,None
Queen's Leggings,1007C95C,None
Queen's Robe,1007C894,None
Rabbath's Cannon,02A70420,Somber
Rabbath's Greatbolt,3305860,None
Rada Fruit,401ED2A1,None
Radagon Icon,20000BFE,None
Radagon's Rings of Light,40001A36,None
Radagon's Scarseal,2000041A,None
Radagon's Soreseal,2000041B,None
Radahn Soldier Ashes +1,4003DC49,None
Radahn Soldier Ashes +10,4003DC52,None
Radahn Soldier Ashes +2,4003DC4A,None
Radahn Soldier Ashes +3,4003DC4B,None
Radahn Soldier Ashes +4,4003DC4C,None
Radahn Soldier Ashes +5,4003DC4D,None
Radahn Soldier Ashes +6,4003DC4E,None
Radahn Soldier Ashes +7,4003DC4F,None
Radahn Soldier Ashes +8,4003DC50,None
Radahn Soldier Ashes +9,4003DC51,None
Radahn Soldier Ashes,4003DC48,None
Radahn Soldier Gauntlets,101A6698,None
Radahn Soldier Greaves,101A66FC,None
Radahn Soldier Helm,101A65D0,None
Radahn's Gauntlets,10072CB8,None
Radahn's Great Rune Restored,400000C0,None
Radahn's Great Rune Unrestored,40001FD5,None
Radahn's Greaves,10072D1C,None
Radahn's Lion Armor (Altered),1007303C,None
Radahn's Lion Armor,10072C54,None
Radahn's Redmane Helm,10072BF0,None
Radahn's Spear,030ACF00,None
Radiant Baldachin's Blessing,40000D21,None
Radiant Gold Mask,100FDE80,None
Raging Wolf Armor (Altered),100D23AC,None
Raging Wolf Armor,100D1FC4,None
Raging Wolf Gauntlets,100D2028,None
Raging Wolf Greaves,100D208C,None
Raging Wolf Helm,100D1F60,None
Rain of Fire,401EA302,None
Rainbow Stone Arrow (Fletched),02FC2900,None
Rainbow Stone Arrow,02FE4BE0,None
Rainbow Stone,400007E4,None
Rakshasa Armor,104EBCA4,None
Rakshasa Gauntlets,104EBD08,None
Rakshasa Greaves,104EBD6C,None
Rakshasa Helm,104EBC40,None
Rakshasa's Great Katana,03F703C0,Somber
Rancor Pot,4000028A,None
Rancorcall,40001388,None
Ranni's Dark Moon,40001109,None
Rapier,004C9960,Smithing
Raptor Talons,015026B0,Smithing
Raptor's Black Feathers,100E3134,None
Rauh Burrow,401ED2BD,None
Raw Meat Dumpling,400004D3,None
Raya Lucaria Soldier Ashes +1,4003D479,None
Raya Lucaria Soldier Ashes +10,4003D482,None
Raya Lucaria Soldier Ashes +2,4003D47A,None
Raya Lucaria Soldier Ashes +3,4003D47B,None
Raya Lucaria Soldier Ashes +4,4003D47C,None
Raya Lucaria Soldier Ashes +5,4003D47D,None
Raya Lucaria Soldier Ashes +6,4003D47E,None
Raya Lucaria Soldier Ashes +7,4003D47F,None
Raya Lucaria Soldier Ashes +8,4003D480,None
Raya Lucaria Soldier Ashes +9,4003D481,None
Raya Lucaria Soldier Ashes,4003D478,None
Raya Lucarian Gauntlets,101A1878,None
Raya Lucarian Greaves,101A18DC,None
Raya Lucarian Helm,101A17B0,None
Raya Lucarian Robe,100CAA94,None
Recusant Finger,40000070,None
Recusant Finger,400000B8,None
Red Bear's Claw,4156130,Somber
Red Branch Shortbow,0262A820,Smithing
Red Crest Heater Shield,01DD7290,Smithing
Red Fulgurbloom,401ED2C0,None
Red Letter,40001FC5,None
Red Lightning Pot,401E873C,None
Red Thorn Roundshield,01CAD4F0,Smithing
Red-Feathered Branchsword,200007F8,None
Red-Hot Whetblade,4000230B,None
Redflesh Mushroom,401ED2A2,None
Redmane Fire Pot,4000012D,None
Redmane Greatshield,01EBCA70,Smithing
Redmane Knight Armor (Altered),101B7B8C,None
Redmane Knight Armor,101B77A4,None
Redmane Knight Gauntlets,101B7808,None
Redmane Knight Greaves,101B786C,None
Redmane Knight Helm,101B7740,None
Redmane Knight Ogha +1,4003EBE9,None
Redmane Knight Ogha +10,4003EBF2,None
Redmane Knight Ogha +2,4003EBEA,None
Redmane Knight Ogha +3,4003EBEB,None
Redmane Knight Ogha +4,4003EBEC,None
Redmane Knight Ogha +5,4003EBED,None
Redmane Knight Ogha +6,4003EBEE,None
Redmane Knight Ogha +7,4003EBEF,None
Redmane Knight Ogha +8,4003EBF0,None
Redmane Knight Ogha +9,4003EBF1,None
Redmane Knight Ogha,4003EBE8,None
Redmane Painting,4000200E,None
Redmane Surcoat,101A6634,None
Reduvia,000FDE80,Somber
Reed Great Katana,03F72AD0,Smithing
Regal Omen Bairn,40000BC3,None
Regalia of Eochaid,0021DFE0,Somber
Rejection,40001900,None
Rejuvenating Boluses,400003B6,None
Rellana's Armor,10504344,None
Rellana's Cameo,2000201C,None
Rellana's Gloves,105043A8,None
Rellana's Greaves,1050440C,None
Rellana's Helm,105042E0,None
Rellana's Twin Blades,4064600,Somber
Rellana's Twin Moons,401E9560,None
Remembrance of a God and a Lord,401E8FDB,None
Remembrance of Hoarah Loux,40000B8D,None
Remembrance of Putrescence,401E8FDE,None
Remembrance of the Black Blade,40000B8C,None
Remembrance of the Blasphemous,40000B89,None
Remembrance of the Blood Lord,40000B8B,None
Remembrance of the Dancing Lion,401E8FD9,None
Remembrance of the Dragonlord,40000B8E,None
Remembrance of the Fire Giant,40000B91,None
Remembrance of the Full Moon Queen,40000B8F,None
Remembrance of the Grafted,40000B86,None
Remembrance of the Impaler,401E8FD5,None
Remembrance of the Lichdragon,40000B90,None
Remembrance of the Lord of Frenzied Flame,401E8FDC,None
Remembrance of the Mother of Fingers,401E8FDD,None
Remembrance of the Naturalborn,40000B94,None
Remembrance of the Omen King,40000B88,None
Remembrance of the Regal Ancestor,40000B92,None
Remembrance of the Rot Goddess,40000B8A,None
Remembrance of the Saint of the Bud,401E8FD8,None
Remembrance of the Shadow Sunflower,401E8FD6,None
Remembrance of the Starscourge,40000B87,None
Remembrance of the Twin Moon Knight,401E8FD7,None
Remembrance of the Wild Boar Rider,401E8FD4,None
Rennala's Full Moon,40001108,None
Repeating Crossbow,0297C1E0,Somber
Resurrection Painting,40002009,None
Retaliatory Crossed-Tree,20001FC2,None
Revered Spirit Ash,401EABF4,None
Reverse-Bladed Sword,03D8A650,Smithing
Rickety Shield,01CA38B0,Smithing
Rift Shield,01CB7130,Smithing
Rimed Crystal Bud,4000510F,None
Rimed Rowa,400050F2,None
Ring of Miquella,401EA7A8,None
Ringed Finger,00A9D490,Somber
Rings of Spectral Light,401E9808,None
Ripple Blade,00D662D0,Smithing
Ripple Crescent Halberd,011392E0,Smithing
Ritual Pot,4000251D,None
Ritual Shield Talisman,20000FFA,None
Ritual Sword Talisman,20000802,None
Ritual Thrusting Shield,03B9FAC0,Smithing
Rivers of Blood,0089F080,Somber
Riveted Wooden Shield,01CB2310,Smithing
Roar Medallion,2000088E,None
Roar of Rugalea,401E9F10,None
Rock Blaster,4000100E,None
Rock Heart,401E8C5A,None
Rock Sling,40001266,None
Rogier's Bell Bearing,400022ED,None
Rogier's Letter,4000201F,None
Rogier's Rapier,004CC070,Smithing
Roiling Magma,400012D4,None
Rold Medallion,40001FAB,None
Ronin's Armor (Altered),10024E3C,None
Ronin's Armor,10024A54,None
Ronin's Gauntlets,10024AB8,None
Ronin's Greaves,10024B1C,None
Root Resin,40005127,None
Roped Fetid Pot,400001AE,None
Roped Fire Pot,40000190,None
Roped Fly Pot,400001D6,None
Roped Frenzied Flame Pot,401E8778,None
Roped Holy Water Pot,400001FE,None
Roped Lightning Pot,400001A4,None
Roped Magic Pot,400001CC,None
Roped Oil Pot,400001C2,None
Roped Poison Pot,400001B8,None
Roped Volcano Pot,400001EA,None
Rosus' Axe,00D77440,Somber
Rot Grease,400005D2,None
Rot Pot,4000029E,None
Rotbone Arrow (Fletched),030020A0,None
Rotbone Arrow,030047B0,None
Rotbone Bolt,031C0D10,None
Rotten Battle Hammer,00BA4F50,Smithing
Rotten Breath,40001B76,None
Rotten Butterflies,401EA0A0,None
Rotten Crystal Spear,00F69500,Somber
Rotten Crystal Staff,01FBA8F0,Somber
Rotten Crystal Sword,00227C20,Somber
Rotten Duelist Greaves,101E85AC,None
Rotten Duelist Helm,101E8480,None
Rotten Gravekeeper Cloak (Altered),101E88CC,None
Rotten Gravekeeper Cloak,101E84E4,None
Rotten Greataxe,01613DB0,Smithing
Rotten Staff,016116A0,Somber
Rotten Stray Ashes +1,400395F9,None
Rotten Stray Ashes +10,40039602,None
Rotten Stray Ashes +2,400395FA,None
Rotten Stray Ashes +3,400395FB,None
Rotten Stray Ashes +4,400395FC,None
Rotten Stray Ashes +5,400395FD,None
Rotten Stray Ashes +6,400395FE,None
Rotten Stray Ashes +7,400395FF,None
Rotten Stray Ashes +8,40039600,None
Rotten Stray Ashes +9,40039601,None
Rotten Stray Ashes,400395F8,None
Rotten Winged Sword Insignia,20000821,None
Round Shield,01DA1730,Smithing
Roundrock,401ED2BB,None
Rowa Fruit,400050F0,None
Rowa Raisin,4000032A,None
Royal Greatsword,003DF360,Somber
Royal House Scroll,40002293,None
Royal Knight Armor (Altered),10044A0C,None
Royal Knight Armor,10044624,None
Royal Knight Gauntlets,10044688,None
Royal Knight Greaves,100446EC,None
Royal Knight Helm,100445C0,None
Royal Magic Grease,401E8A0C,None
Royal Remains Armor,100A87B4,None
Royal Remains Gauntlets,100A8818,None
Royal Remains Greaves,100A887C,None
Royal Remains Helm,100A8750,None
Ruin Fragment,400006E0,None
Ruins Greatsword,003E4180,Somber
Ruins Map (2nd),401EA3D1,None
Ruins Map (3rd),401EA3D2,None
Ruins Map,401EA3D0,None
Ruler's Mask,100EA9E8,None
Ruler's Robe,100EAA4C,None
Rune Arc,400000BE,None
Rune of an Unsung Hero,401E900F,None
Ruptured Crystal Tear,40002B08,None
Ruptured Crystal Tear,40002B09,None
Rusted Anchor,00E5CC20,Smithing
Rusty Key,40001F4A,None
Rya's Necklace,40001FC2,None
Rya's Necklace,40001FC8,None
Rykard's Great Rune Restored,400000C2,None
Rykard's Great Rune Unrestored,40001FD7,None
Rykard's Rancor,400012DE,None
Sacramental Bud,40005111,None
Sacred Bloody Flesh,401E893A,None
Sacred Crown Helm,101CAFC0,None
Sacred Order Pot,4000015F,None
Sacred Relic Sword,002F4D60,Somber
Sacred Scorpion Charm,200007EE,None
Sacred Tear,40002724,None
Sacrificial Axe,00D74D30,Smithing
Sacrificial Twig,200017B6,None
Sage Hood,10068FB0,None
Sage Robe,10069014,None
Sage Trousers,100690DC,None
Salza's Hood,104F1A00,None
Sanctified Whetblade,4000230C,None
Sanctuary Stone,4000513B,None
Sanguine Amaryllis,401ED2AC,None
Sanguine Noble Hood,1004E200,None
Sanguine Noble Robe,1004E264,None
Sanguine Noble Waistcloth,1004E32C,None
Scadutree Fragment,401EAB90,None
Scale Armor,10009CA4,None
Scaled Armor (Altered),10013CCC,None
Scaled Armor,100138E4,None
Scaled Gauntlets,10013948,None
Scaled Greaves,100139AC,None
Scaled Helm,10013880,None
Scarlet Aeonia,40001C48,None
Scarlet Bud,401ED2AB,None
Scarlet Tabard,101C6204,None
Scavenger's Curved Sword,006C0840,Smithing
Scepter of the All-Knowing,00A98670,Somber
Scholar's Armament,4000116C,None
Scholar's Shield,40001176,None
Scimitar,006CF2A0,Smithing
Scorpion Kite Shield,01DA3E40,Smithing
Scorpion Liver,401EBF36,None
Scorpion Stew,401E8930,None
Scorpion Stew,401E8932,None
Scorpion's Stinger,00107AC0,Somber
Scouring Black Flame,40001856,None
Scriptstone,40000CF8,None
Scripture Wooden Shield,01CAFC00,Smithing
Scythe,0121EAC0,Smithing
Secret Rite Scroll,401EA3CE,None
Seedbed Curse,40002001,None
Sellen's Bell Bearing,400022D1,None
Sellen's Primal Glintstone,40001FD0,None
Sellia's Secret,40002312,None
Sellian Sealbreaker,40001FE9,None
Seluvis's Bell Bearing,400022CF,None
Seluvis's Introduction,40001FCF,None
Seluvis's Potion,40001FE4,None
Sentry's Torch,016F4770,Somber
Serpent Arrow,02FB3EA0,None
Serpent Bow,2723880,Somber
Serpent Crest Shield,01E0F500,Smithing
Serpent Flail,00CDFE60,Somber
Serpent's Amnion,40001FC1,None
Serpent-God's Curved Sword,006C7D70,Smithing
Serpent-Hunter,0103DB70,Somber
Serpentbone Blade,008A8CC0,Smithing
Sewer-Gaol Key,40002005,None
Sewing Needle,40001FE1,None
Shabriri Grape,400004D8,None
Shabriri's Woe,200017A2,None
Shadow Bait,40001978,None
Shadow Militiaman Armor,10509164,None
Shadow Militiaman Gauntlets,105091C8,None
Shadow Militiaman Greaves,1050922C,None
Shadow Militiaman Helm,10509100,None
Shadow Realm Rune [1],401E9008,None
Shadow Realm Rune [2],401E9009,None
Shadow Realm Rune [3],401E900A,None
Shadow Realm Rune [4],401E900B,None
Shadow Realm Rune [5],401E900C,None
Shadow Realm Rune [6],401E900D,None
Shadow Realm Rune [7],401E900E,None
Shadow Sunflower Blossom,0166BBF0,Somber
Shadow Sunflower,401ED2A9,None
Shaman Furs,1004982C,None
Shaman Leggings,100498F4,None
Shamshir,006B44F0,Smithing
Shard of Alexander,200004CF,None
Shard Spiral,40000FBE,None
Sharp Gravel Stone,401ED2C2,None
Sharpshot Talisman,20001FD6,None
Shatter Earth,40001004,None
Shattered Stone Talisman,20001F5E,None
Shattering Crystal,40001194,None
Shattershard Arrow (Fletched),02FBDAE0,None
Shattershard Arrow,02FE72F0,None
Shield Grease,4000069A,None
Shield of Night,0148D3B0,Somber
Shield of the Guilty,01DB9DD0,Smithing
Shining Horned Headband,100497C8,None
Short Spear,00F42400,Smithing
Short Sword,001EAB90,Smithing
Shortbow,02625A00,Smithing
Shotel,006B1DE0,Smithing
Siluria's Tree,0103B460,Somber
Silver Firefly,4000514A,None
Silver Grooved Armor (Altered),1051A6BC,None
Silver Grooved Armor,1051A2D4,None
Silver Grooved Gauntlets,1051A338,None
Silver Grooved Greaves,1051A39C,None
Silver Grooved Helm,1051A270,None
Silver Grooved Shield,01E14320,Smithing
Silver Horn Tender,401E8944,None
Silver Mirrorshield,01D9F020,Somber
Silver Scarab,2000044C,None
Silver Tear Husk,40005159,None
Silver Tear Mask,1010A1D0,None
Silver-Pickled Fowl Foot,400004A6,None
Skeletal Bandit Ashes +1,40034009,None
Skeletal Bandit Ashes +10,40034012,None
Skeletal Bandit Ashes +2,4003400A,None
Skeletal Bandit Ashes +3,4003400B,None
Skeletal Bandit Ashes +4,4003400C,None
Skeletal Bandit Ashes +5,4003400D,None
Skeletal Bandit Ashes +6,4003400E,None
Skeletal Bandit Ashes +7,4003400F,None
Skeletal Bandit Ashes +8,40034010,None
Skeletal Bandit Ashes +9,40034011,None
Skeletal Bandit Ashes,40034008,None
Skeletal Mask,100E30D0,None
Skeletal Militiaman Ashes +1,40033C21,None
Skeletal Militiaman Ashes +10,40033C2A,None
Skeletal Militiaman Ashes +2,40033C22,None
Skeletal Militiaman Ashes +3,40033C23,None
Skeletal Militiaman Ashes +4,40033C24,None
Skeletal Militiaman Ashes +5,40033C25,None
Skeletal Militiaman Ashes +6,40033C26,None
Skeletal Militiaman Ashes +7,40033C27,None
Skeletal Militiaman Ashes +8,40033C28,None
Skeletal Militiaman Ashes +9,40033C29,None
Skeletal Militiaman Ashes,40033C20,None
Sleep Pot,40000280,None
Sleepbone Arrow (Fletched),02FD8890,None
Sleepbone Arrow,02FDAFA0,None
Sleepbone Bolt,031C3420,None
Sliver of Meat,40003A98,None
Slumbering Egg,40003B10,None
Small Golden Effigy,4000006D,None
Small Golden Effigy,400000B3,None
Small Red Effigy,4000006E,None
Small Red Effigy,400000B4,None
Smarag's Glintstone Breath,40001B81,None
Smithing Stone [1],40002774,None
Smithing Stone [2],40002775,None
Smithing Stone [3],40002776,None
Smithing Stone [4],40002777,None
Smithing Stone [5],40002778,None
Smithing Stone [6],40002779,None
Smithing Stone [7],4000277A,None
Smithing Stone [8],4000277B,None
Smithing Talisman,20001FAE,None
Smithing-Stone Miner's Bell Bearing [1],400022F7,None
Smithing-Stone Miner's Bell Bearing [2],400022F8,None
Smithing-Stone Miner's Bell Bearing [3],400022F9,None
Smithing-Stone Miner's Bell Bearing [4],400022FA,None
Smithscript Axe,00DD40A0,Smithing
Smithscript Cirque,03D85830,Smithing
Smithscript Dagger,03C8EEE0,Smithing
Smithscript Greathammer,00BEBC20,Smithing
Smithscript Shield,01D18BB0,Smithing
Smithscript Spear,00FBC520,Smithing
Smoldering Butterfly,40005142,None
Smoldering Shield,01CC0D70,Smithing
Snow Witch Hat,100F6950,None
Snow Witch Robe (Altered),100F6D9C,None
Snow Witch Robe,100F69B4,None
Snow Witch Skirt,100F6A7C,None
Soap,40000848,None
Soft Cotton,40000834,None
Soiled Loincloth,104D5DDC,None
Soldier's Crossbow,029020C0,Smithing
Soldjars of Fortune Ashes +1,4003C0F1,None
Soldjars of Fortune Ashes +10,4003C0FA,None
Soldjars of Fortune Ashes +2,4003C0F2,None
Soldjars of Fortune Ashes +3,4003C0F3,None
Soldjars of Fortune Ashes +4,4003C0F4,None
Soldjars of Fortune Ashes +5,4003C0F5,None
Soldjars of Fortune Ashes +6,4003C0F6,None
Soldjars of Fortune Ashes +7,4003C0F7,None
Soldjars of Fortune Ashes +8,4003C0F8,None
Soldjars of Fortune Ashes +9,4003C0F9,None
Soldjars of Fortune Ashes,4003C0F0,None
Somber Ancient Dragon Smithing Stone,400027B8,None
Somber Smithing Stone [1],400027B0,None
Somber Smithing Stone [2],400027B1,None
Somber Smithing Stone [3],400027B2,None
Somber Smithing Stone [4],400027B3,None
Somber Smithing Stone [5],400027B4,None
Somber Smithing Stone [6],400027B5,None
Somber Smithing Stone [7],400027B6,None
Somber Smithing Stone [8],400027B7,None
Somber Smithing Stone [9],400027D8,None
Somberstone Miner's Bell Bearing [1],400022FB,None
Somberstone Miner's Bell Bearing [2],400022FC,None
Somberstone Miner's Bell Bearing [3],400022FD,None
Somberstone Miner's Bell Bearing [4],400022FE,None
Somberstone Miner's Bell Bearing [5],400022FF,None
Soporific Grease,400005AA,None
Sorcerer Leggings,100CAB5C,None
Sorcerer Manchettes,100CAAF8,None
Sorcerer Painting,4000200B,None
Spark Aromatic,40000DB6,None
Spear of the Impaler,010B0760,Somber
Spear Talisman,2000080C,None
Spear,00F44B10,Smithing
Speckled Hardtear,40002AFE,None
Spectral Steed Regalia: Carian Silver,401EAA0A,None
Spectral Steed Regalia: Funeral Night,401EAA14,None
Spectral Steed Regalia: Tree Sentinel,401EAA00,None
Spectral Steed Whistle,40000082,None
Spectral Steed Whistle,400000B5,None
Spellblade's Gloves,1001FC98,None
Spellblade's Pointed Hat,1001FBD0,None
Spellblade's Traveling Attire (Altered),1002001C,None
Spellblade's Traveling Attire,1001FC34,None
Spellblade's Trousers,1001FCFC,None
Spelldrake Talisman +1,20000FAB,None
Spelldrake Talisman +2,20000FAC,None
Spelldrake Talisman +3,20001BB2,None
Spelldrake Talisman,20000FAA,None
Spellmachinist's Bell Bearing,401EA74C,None
Spellproof Dried Liver,4000047E,None
Spellproof Pickled Liver,401E88E0,None
Spider Scorpion Ashes,4021A160,None
Spiked Caestus,1409650,Smithing
Spiked Club,00A8EA30,Smithing
Spiked Cracked Tear,40002B06,None
Spiked Palisade Shield,01EAE010,Smithing
Spiked Spear,00F646E0,Smithing
Spira,401EA2A8,None
Spiralhorn Shield,01CCA9B0,Smithing
Spiraltree Seal,020EBBC0,Smithing
Spirit Calculus,401EBF22,None
Spirit Calling Bell,40001FDE,None
Spirit Glaive,011A49A0,Somber
Spirit Jellyfish Ashes +1,400399E1,None
Spirit Jellyfish Ashes +10,400399EA,None
Spirit Jellyfish Ashes +2,400399E2,None
Spirit Jellyfish Ashes +3,400399E3,None
Spirit Jellyfish Ashes +4,400399E4,None
Spirit Jellyfish Ashes +5,400399E5,None
Spirit Jellyfish Ashes +6,400399E6,None
Spirit Jellyfish Ashes +7,400399E7,None
Spirit Jellyfish Ashes +8,400399E8,None
Spirit Jellyfish Ashes +9,400399E9,None
Spirit Jellyfish Ashes,400399E0,None
Spirit Raisin,401E87A0,None
Spirit Sword,007270E0,Somber
Spiritflame Arrow,02FE9A00,None
Spiritgrave Stone,401ED2BC,None
Spread Crossbow,0297E8F0,Smithing
Spritestone,401E9039,None
St. Trina Disciple's Cookbook [1],401EA8EE,None
St. Trina Disciple's Cookbook [2],401EA901,None
St. Trina Disciple's Cookbook [3],401EA8F6,None
St. Trina's Arrow,02FB8CC0,None
St. Trina's Blossom,1050DF20,None
St. Trina's Smile,20001FE0,None
St. Trina's Torch,016ED240,Somber
Staff of Loss,01FBD000,Smithing
Staff of the Avatar,1600530,Somber
Staff of the Great Beyond,01FF5270,Somber
Staff of the Guilty,01FB81E0,Smithing
Stalwart Horn Charm +1,20000489,None
Stalwart Horn Charm +2,20001B80,None
Stalwart Horn Charm,20000488,None
Stanching Boluses,4000038E,None
Star Fist,0141A7C0,Smithing
Star Shower,40000FD2,None
Star-Lined Sword,002673C0,Somber
Stargazer Heirloom,20000438,None
Starlight Shards,4000050A,None
Starlight,4000102C,None
Stars of Ruin,4000107C,None
Starscourge Greatsword,003DCC50,Somber
Starscourge Heirloom,20000424,None
Steel Armor,1051F0F4,None
Steel Gauntlets,1051F158,None
Steel Greaves,1051F1BC,None
Steel Helm,1051F090,None
Steel-Wire Torch,016E8420,Smithing
Stimulating Boluses,400003A2,None
Stone Club,00A9FBA0,Smithing
Stone of Gurranq,40001A9A,None
Stone-Sheathed Sword,0026C1E0,Somber
Stonebarb Cracked Tear,40002B12,None
Stonesword Key,40001F40,None
Storehouse Cross Message,401EA3DE,None
Storeroom Key,401EA3CD,None
Stormhawk Axe,00D7C260,Somber
Stormhawk Deenh +1,4003A1B1,None
Stormhawk Deenh +10,4003A1BA,None
Stormhawk Deenh +2,4003A1B2,None
Stormhawk Deenh +3,4003A1B3,None
Stormhawk Deenh +4,4003A1B4,None
Stormhawk Deenh +5,4003A1B5,None
Stormhawk Deenh +6,4003A1B6,None
Stormhawk Deenh +7,4003A1B7,None
Stormhawk Deenh +8,4003A1B8,None
Stormhawk Deenh +9,4003A1B9,None
Stormhawk Deenh,4003A1B0,None
Stormhawk Feather,40003C46,None
Stormwing Bone Arrow,02FDD6B0,None
Strength-knot Crystal Tear,40002B0D,None
String,40003C28,None
String-Seller's Bell Bearing,401EA74D,None
Strip of White Flesh,40003B38,None
Sun Realm Shield,01D9C910,Smithing
Sunwarmth Stone,401E916E,None
Surge, O Flame!,4000184C,None
Surging Frenzied Flame,401E90D8,None
Swarm of Flies,40001C2A,None
Swarm Pot,40000154,None
Sweet Raisin,4000032B,None
Swift Glintstone Shard,40000FAA,None
Swift Spear,00FC1340,Smithing
Swollen Grape,401ED2B1,None
Sword Lance,003567E0,Smithing
Sword of Darkness,271000,Somber
Sword of Light,0026E8F0,Somber
Sword of Milos,003037C0,Somber
Sword of Night and Flame,0020A760,Somber
Sword of Night,0090F560,Somber
Sword of St. Trina,00216AB0,Somber
Swordhand of Night Jolán,4021DBF8,None
Tailoring Tools,40001FE3,None
Taker's Cameo,200013A6,None
Talisman of All Crucibles,20002030,None
Talisman of Lord's Bestowal,20002008,None
Talisman of the Dread,20001FEA,None
Talisman Pouch,40002738,None
Tarnished Golden Sunflower,400050CD,None
Tarnished's Furled Finger,40000064,None
Tarnished's Furled Finger,400000AA,None
Tarnished's Wizened Finger,4000006A,None
Taunter's Tongue,4000006C,None
Taunter's Tongue,400000B2,None
Taylew the Golem Smith,4021C0A0,None
Telescope,400007F8,None
Terra Magica,40001022,None
Thawfrost Boluses,40000398,None
The Flame of Frenzy,40001C8E,None
The Sacred Tower Painting,401EA489,None
The Stormhawk King,40002002,None
The Two Fingers,401EA7AA,None
Theodorix's Magma,40001B63,None
Thin Beast Bones,40003BEC,None
Thiollier's Concoction,401E8CDC,None
Thiollier's Garb (Altered),104CC4BC,None
Thiollier's Garb,104CC0D4,None
Thiollier's Gloves,104CC138,None
Thiollier's Hidden Needle,1481060,Somber
Thiollier's Mask,104CC070,None
Thiollier's Trousers,104CC19C,None
Thops's Barrier,40001216,None
Thops's Bell Bearing,400022D7,None
Thorned Whip,01317B20,Smithing
Thorny Cracked Tear,40002B05,None
Throwing Dagger,400006A4,None
Tibia's Cookbook,401EA8F9,None
Tibia's Summons,400013A6,None
Tonic of Forgetfulness,40001FC0,None
Tooth Whip,0138CE20,Somber
Torch,016E3600,Smithing
Torchpole,00F55C80,Smithing
Torn Diary Page,401EA3E0,None
Tower of Shadow Message,401EA3E5,None
Toxic Mossling,401ED2AA,None
Toxic Mushroom,40005122,None
Traveler's Boots,100F918C,None
Traveler's Clothes,100F90C4,None
Traveler's Gloves,10018768,None
Traveler's Hat,100186A0,None
Traveler's Manchettes,100F9128,None
Traveler's Slops,100187CC,None
Traveling Maiden Boots,100DBCCC,None
Traveling Maiden Gloves,100DBC68,None
Traveling Maiden Hood,100DBBA0,None
Traveling Maiden Robe (Altered),100DBFEC,None
Traveling Maiden Robe,100DBC04,None
Tree Sentinel Armor (Altered),100422FC,None
Tree Sentinel Armor,10041F14,None
Tree Sentinel Gauntlets,10041F78,None
Tree Sentinel Greaves,10041FDC,None
Tree Sentinel Helm,10041EB0,None
Tree Surcoat,1010D114,None
Tree-and-Beast Surcoat,1019F104,None
Treespear,010477B0,Smithing
Trina's Lily,400050AB,None
Triple Rings of Light,40001A2D,None
Troll Knight's Sword,003EB6B0,Somber
Troll's Golden Sword,003D7E30,Smithing
Troll's Hammer,0160EF90,Smithing
Turtle Neck Meat,40003AF2,None
Twiggy Cracked Tear,40002B0B,None
Twinbird Kite Shield,01DA6550,Smithing
Twinblade Talisman,20000848,None
Twinblade,989680,Smithing
Twinned Armor (Altered),10092C0C,None
Twinned Armor,10092824,None
Twinned Gauntlets,10092888,None
Twinned Greaves,100928EC,None
Twinned Helm,100927C0,None
Twinned Knight Swords,00990BB0,Smithing
Twinsage Glintstone Crown,100CAA30,None
Twinsage Sorcerer Ashes +1,40035779,None
Twinsage Sorcerer Ashes +10,40035782,None
Twinsage Sorcerer Ashes +2,4003577A,None
Twinsage Sorcerer Ashes +3,4003577B,None
Twinsage Sorcerer Ashes +4,4003577C,None
Twinsage Sorcerer Ashes +5,4003577D,None
Twinsage Sorcerer Ashes +6,4003577E,None
Twinsage Sorcerer Ashes +7,4003577F,None
Twinsage Sorcerer Ashes +8,40035780,None
Twinsage Sorcerer Ashes +9,40035781,None
Twinsage Sorcerer Ashes,40035778,None
Two Fingers Heirloom,20000442,None
Two Fingers' Prayerbook,4000229A,None
Two-Handed Sword Talisman,20001F68,None
Two-Headed Turtle Talisman,20001B76,None
Uchigatana,895440,Smithing
Unalloyed Gold Needle,40002004,None
Unalloyed Gold Needle,4000230F,None
Unalloyed Gold Needle,40002310,None
Unendurable Frenzy,40001C8F,None
Unseen Blade,40001234,None
Unseen Form,4000123E,None
Uplifting Aromatic,40000DAC,None
Upper-Class Robe,100EAE34,None
Urgent Heal,40001914,None
Urumi,01323E70,Smithing
Vagabond Knight Armor (Altered),100A166C,None
Vagabond Knight Armor,100A1284,None
Vagabond Knight Gauntlets,100A12E8,None
Vagabond Knight Greaves,100A134C,None
Vagabond Knight Helm,100A1220,None
Valkyrie's Prosthesis,40002311,None
Varré's Bouquet,00A8C320,Somber
Velvet Sword of St. Trina,00264CB0,Somber
Venomous Fang,014FD890,Smithing
Verdigris Armor,104C72B4,None
Verdigris Discus,20002012,None
Verdigris Gauntlets,104C7318,None
Verdigris Greatshield,01F03740,Somber
Verdigris Greaves,104C737C,None
Verdigris Helm,104C7250,None
Veteran's Armor (Altered),100BEB2C,None
Veteran's Armor,100BE744,None
Veteran's Gauntlets,100BE7A8,None
Veteran's Greaves,100BE80C,None
Veteran's Helm,100BE6E0,None
Veteran's Prosthesis,1424400,Somber
Viridian Amber Medallion +1,200003FD,None
Viridian Amber Medallion +2,200003FE,None
Viridian Amber Medallion +3,20001B6C,None
Viridian Amber Medallion,200003FC,None
Viridian Hidden Tear,401EAF78,None
Visage Shield,01EAB900,Somber
Volcanic Stone,40005172,None
Volcano Manor Invitation,40001FC9,None
Volcano Pot,40000258,None
Vortex of Putrescence,401E9CB8,None
Vulgar Militia Armor,10066904,None
Vulgar Militia Ashes +1,4003B151,None
Vulgar Militia Ashes +10,4003B15A,None
Vulgar Militia Ashes +2,4003B152,None
Vulgar Militia Ashes +3,4003B153,None
Vulgar Militia Ashes +4,4003B154,None
Vulgar Militia Ashes +5,4003B155,None
Vulgar Militia Ashes +6,4003B156,None
Vulgar Militia Ashes +7,4003B157,None
Vulgar Militia Ashes +8,4003B158,None
Vulgar Militia Ashes +9,4003B159,None
Vulgar Militia Ashes,4003B150,None
Vulgar Militia Gauntlets,10066968,None
Vulgar Militia Greaves,100669CC,None
Vulgar Militia Helm,100668A0,None
Vulgar Militia Saw,0113B9F0,Smithing
Vulgar Militia Shotel,0114A450,Smithing
Vyke's Dragonbolt,40001B3A,None
Vyke's War Spear,1042990,Somber
Wakizashi,0010C8E0,Smithing
Wandering Noble Ashes +1,4003A981,None
Wandering Noble Ashes +10,4003A98A,None
Wandering Noble Ashes +2,4003A982,None
Wandering Noble Ashes +3,4003A983,None
Wandering Noble Ashes +4,4003A984,None
Wandering Noble Ashes +5,4003A985,None
Wandering Noble Ashes +6,4003A986,None
Wandering Noble Ashes +7,4003A987,None
Wandering Noble Ashes +8,4003A988,None
Wandering Noble Ashes +9,4003A989,None
Wandering Noble Ashes,4003A980,None
War Surgeon Gloves,100A6108,None
War Surgeon Gown (Altered),100A648C,None
War Surgeon Gown,100A60A4,None
War Surgeon Trousers,100A616C,None
Warhawk Ashes +1,40039DC9,None
Warhawk Ashes +10,40039DD2,None
Warhawk Ashes +2,40039DCA,None
Warhawk Ashes +3,40039DCB,None
Warhawk Ashes +4,40039DCC,None
Warhawk Ashes +5,40039DCD,None
Warhawk Ashes +6,40039DCE,None
Warhawk Ashes +7,40039DCF,None
Warhawk Ashes +8,40039DD0,None
Warhawk Ashes +9,40039DD1,None
Warhawk Ashes,40039DC8,None
Warhawk's Talon,00222E00,Smithing
Warming Stone,40000CEE,None
Warped Axe,00E508D0,Smithing
Warpick,00A87500,Smithing
Warrior Gauntlets,100A39F8,None
Warrior Greaves,100A3A5C,None
Warrior Jar Shard,200004CE,None
Watchdog's Greatsword,003D3010,Smithing
Watchdog's Staff,015F1AD0,Somber
Watchful Spirit,401EA230,None
Weathered Dagger,40002314,None
Weathered Straight Sword,001F47D0,Smithing
Well Depths Key,401EA3C4,None
Well-Pickled Turtle Neck,401E8912,None
Whetstone Knife,4000218E,None
Whip,01312D00,Smithing
Whirl, O Flame!,4000178E,None
White Cipher Ring,40000068,None
White Cipher Ring,400000AE,None
White Mask,100A6040,None
White Reed Armor,100D4EA4,None
White Reed Gauntlets,100D4F08,None
White Reed Greaves,100D4F6C,None
Whiteflesh Mushroom,401ED2A3,None
Windy Crystal Tear,40002B07,None
Wing of Astel,006BE130,Somber
Winged Crystal Tear,40002B04,None
Winged Greathorn,00E68F70,Somber
Winged Misbegotten Ashes + 1,40033451,None
Winged Misbegotten Ashes + 10,4003345A,None
Winged Misbegotten Ashes + 2,40033452,None
Winged Misbegotten Ashes + 3,40033453,None
Winged Misbegotten Ashes + 4,40033454,None
Winged Misbegotten Ashes + 5,40033455,None
Winged Misbegotten Ashes + 6,40033456,None
Winged Misbegotten Ashes + 7,40033457,None
Winged Misbegotten Ashes + 8,40033458,None
Winged Misbegotten Ashes + 9,40033459,None
Winged Misbegotten Ashes,40033450,None
Winged Scythe,0122D520,Somber
Winged Serpent Helm,104F1618,None
Winged Sword Insignia,20000820,None
Winter-Lantern Fly,401ED2B0,None
Wise Man's Mask,104DF8F0,None
Witch's Glintstone Crown,100CB9D0,None
Wolf Crest Shield,01E0CDF0,Smithing
Wooden Greatshield,01ECB4D0,Smithing
Wraith Calling Bell,40000C08,None
Wrath from Afar,401E9EA2,None
Wrath of Gold,4000190A,None
Yellow Ember,4000516D,None
Yellow Fulgurbloom,401ED2A8,None
Ymir's Bell Bearing,401EA745,None
Young Lion's Armor (Altered),10506E3C,None
Young Lion's Armor,10506A54,None
Young Lion's Gauntlets,10506AB8,None
Young Lion's Greaves,10506B1C,None
Young Lion's Helm,105069F0,None
Zamor Armor,10105414,None
Zamor Bracelets,10105478,None
Zamor Curved Sword,007AD550,Somber
Zamor Ice Storm,4000113A,None
Zamor Legwraps,101054DC,None
Zamor Mask,101053B0,None
Zorayas's Letter,4000201D,None
Zweihander,003DA540,Smithing
About Adding Affinities,400023B0,None
About Adding Skills,4000239C,None
About Birdseye Telescopes,4000239D,None
About Bows,4000238E,None
About Competitive Multiplayer,400023A3,None
About Containers,400023AF,None
About Cooperative Multiplayer,400023A2,None
About Crouching,4000238F,None
About Death,40002396,None
About Dodging,400023B2,None
About Fast Travel to Sites of Grace,400023AA,None
About Flask of Wondrous Physick,4000239B,None
About Guard Counters,40002392,None
About Guarding,40002398,None
About Guidance of Grace,40002394,None
About Horseback Riding,40002395,None
About Hunter Multiplayer,400023A5,None
About Invasion Multiplayer,400023A4,None
About Item Crafting,40002399,None
About Materials,400023AE,None
About Monument Icon,400023A7,None
About Multiplayer,400023EB,None
About New Inventory Features,401EA84A,None
About Pouches,400023B1,None
About Requesting Help from Hunters,400023A8,None
About Roundtable Hold,400023AC,None
About Sites of Grace,4000238C,None
About Skills,400023A9,None
About Sorceries and Incantations,4000238D,None
About Spiritspring Jumping,4000239E,None
About Stakes of Marika,40002391,None
About Stance-Breaking,40002390,None
About Strengthening Armaments,400023AB,None
About Summoning Other Players,400023A1,None
About Summoning Pools,400023A6,None
About Summoning Spirits,40002397,None
About Teardrop Scarabs,400023A0,None
About the Map,40002393,None
About the Revered Spirit Ash Blessing,401EA849,None
About the Scadutree Blessing,401EA848,None
About Vanquishing Enemy Groups,4000239F,None
About Wielding Armaments,400023B4,None